image,choice
img_00001.jpeg,defect
img_00002.jpeg,defect
img_00003.jpeg,normal
img_00004.jpeg,normal
img_00005.jpeg,defect
img_00006.jpeg,defect
img_00007.jpeg,defect
img_00008.jpeg,normal
img_00009.jpeg,normal
img_00010.jpeg,defect
img_00011.jpeg,normal
img_00012.jpeg,normal
img_00013.jpeg,normal
img_00014.jpeg,normal
img_00015.jpeg,normal
img_00016.jpeg,normal
img_00017.jpeg,normal
img_00018.jpeg,normal
img_00019.jpeg,normal
img_00020.jpeg,defect
img_00021.jpeg,normal
img_00022.jpeg,defect
img_00023.jpeg,defect
img_00024.jpeg,defect
img_00025.jpeg,normal
img_00026.jpeg,defect
img_00027.jpeg,normal
img_00028.jpeg,normal
img_00029.jpeg,defect
img_00030.jpeg,defect
img_00031.jpeg,normal
img_00032.jpeg,defect
img_00033.jpeg,normal
img_00034.jpeg,normal
img_00035.jpeg,normal
img_00036.jpeg,normal
img_00037.jpeg,normal
img_00038.jpeg,normal
img_00039.jpeg,defect
img_00040.jpeg,normal
img_00041.jpeg,normal
img_00042.jpeg,defect
img_00043.jpeg,normal
img_00044.jpeg,normal
img_00045.jpeg,normal
img_00046.jpeg,normal
img_00047.jpeg,defect
img_00048.jpeg,defect
img_00049.jpeg,normal
img_00050.jpeg,normal
img_00051.jpeg,defect
img_00052.jpeg,defect
img_00053.jpeg,defect
img_00054.jpeg,normal
img_00055.jpeg,normal
img_00056.jpeg,normal
img_00057.jpeg,defect
img_00058.jpeg,defect
img_00059.jpeg,normal
img_00060.jpeg,normal
img_00061.jpeg,defect
img_00062.jpeg,defect
img_00063.jpeg,normal
img_00064.jpeg,defect
img_00065.jpeg,normal
img_00066.jpeg,defect
img_00067.jpeg,normal
img_00068.jpeg,normal
img_00069.jpeg,defect
img_00070.jpeg,defect
img_00071.jpeg,defect
img_00072.jpeg,normal
img_00073.jpeg,normal
img_00074.jpeg,normal
img_00075.jpeg,normal
img_00076.jpeg,defect
img_00077.jpeg,normal
img_00078.jpeg,normal
img_00079.jpeg,defect
img_00080.jpeg,defect
img_00081.jpeg,normal
img_00082.jpeg,defect
img_00083.jpeg,defect
img_00084.jpeg,defect
img_00085.jpeg,defect
img_00086.jpeg,normal
img_00087.jpeg,defect
img_00088.jpeg,defect
img_00089.jpeg,defect
img_00090.jpeg,defect
img_00091.jpeg,normal
img_00092.jpeg,defect
img_00093.jpeg,normal
img_00094.jpeg,normal
img_00095.jpeg,defect
img_00096.jpeg,defect
img_00097.jpeg,defect
img_00098.jpeg,normal
img_00099.jpeg,normal
img_00100.jpeg,defect
img_00101.jpeg,defect
img_00102.jpeg,defect
img_00103.jpeg,normal
img_00104.jpeg,defect
img_00105.jpeg,defect
img_00106.jpeg,defect
img_00107.jpeg,normal
img_00108.jpeg,normal
img_00109.jpeg,normal
img_00110.jpeg,normal
img_00111.jpeg,defect
img_00112.jpeg,defect
img_00113.jpeg,normal
img_00114.jpeg,defect
img_00115.jpeg,defect
img_00116.jpeg,defect
img_00117.jpeg,defect
img_00118.jpeg,defect
img_00119.jpeg,normal
img_00120.jpeg,defect
img_00121.jpeg,defect
img_00122.jpeg,defect
img_00123.jpeg,defect
img_00124.jpeg,defect
img_00125.jpeg,defect
img_00126.jpeg,defect
img_00127.jpeg,defect
img_00128.jpeg,defect
img_00129.jpeg,normal
img_00130.jpeg,normal
img_00131.jpeg,normal
img_00132.jpeg,normal
img_00133.jpeg,normal
img_00134.jpeg,defect
img_00135.jpeg,defect
img_00136.jpeg,defect
img_00137.jpeg,normal
img_00138.jpeg,defect
img_00139.jpeg,defect
img_00140.jpeg,defect
img_00141.jpeg,defect
img_00142.jpeg,defect
img_00143.jpeg,defect
img_00144.jpeg,defect
img_00145.jpeg,defect
img_00146.jpeg,normal
img_00147.jpeg,defect
img_00148.jpeg,normal
img_00149.jpeg,defect
img_00150.jpeg,normal
img_00151.jpeg,defect
img_00152.jpeg,normal
img_00153.jpeg,defect
img_00154.jpeg,defect
img_00155.jpeg,defect
img_00156.jpeg,normal
img_00157.jpeg,normal
img_00158.jpeg,defect
img_00159.jpeg,defect
img_00160.jpeg,normal
img_00161.jpeg,normal
img_00162.jpeg,normal
img_00163.jpeg,defect
img_00164.jpeg,normal
img_00165.jpeg,normal
img_00166.jpeg,defect
img_00167.jpeg,normal
img_00168.jpeg,normal
img_00169.jpeg,defect
img_00170.jpeg,defect
img_00171.jpeg,normal
img_00172.jpeg,defect
img_00173.jpeg,normal
img_00174.jpeg,defect
img_00175.jpeg,normal
img_00176.jpeg,normal
img_00177.jpeg,defect
img_00178.jpeg,normal
img_00179.jpeg,defect
img_00180.jpeg,defect
img_00181.jpeg,normal
img_00182.jpeg,normal
img_00183.jpeg,defect
img_00184.jpeg,normal
img_00185.jpeg,normal
img_00186.jpeg,normal
img_00187.jpeg,defect
img_00188.jpeg,normal
img_00189.jpeg,normal
img_00190.jpeg,defect
img_00191.jpeg,defect
img_00192.jpeg,normal
img_00193.jpeg,defect
img_00194.jpeg,defect
img_00195.jpeg,defect
img_00196.jpeg,normal
img_00197.jpeg,defect
img_00198.jpeg,defect
img_00199.jpeg,defect
img_00200.jpeg,defect
img_00201.jpeg,defect
img_00202.jpeg,defect
img_00203.jpeg,defect
img_00204.jpeg,defect
img_00205.jpeg,defect
img_00206.jpeg,defect
img_00207.jpeg,defect
img_00208.jpeg,normal
img_00209.jpeg,normal
img_00210.jpeg,defect
img_00211.jpeg,defect
img_00212.jpeg,normal
img_00213.jpeg,normal
img_00214.jpeg,normal
img_00215.jpeg,normal
img_00216.jpeg,defect
img_00217.jpeg,normal
img_00218.jpeg,defect
img_00219.jpeg,defect
img_00220.jpeg,normal
img_00221.jpeg,normal
img_00222.jpeg,normal
img_00223.jpeg,defect
img_00224.jpeg,defect
img_00225.jpeg,normal
img_00226.jpeg,normal
img_00227.jpeg,defect
img_00228.jpeg,normal
img_00229.jpeg,defect
img_00230.jpeg,defect
img_00231.jpeg,defect
img_00232.jpeg,normal
img_00233.jpeg,normal
img_00234.jpeg,defect
img_00235.jpeg,defect
img_00236.jpeg,normal
img_00237.jpeg,defect
img_00238.jpeg,normal
img_00239.jpeg,defect
img_00240.jpeg,normal
img_00241.jpeg,defect
img_00242.jpeg,defect
img_00243.jpeg,defect
img_00244.jpeg,defect
img_00245.jpeg,normal
img_00246.jpeg,defect
img_00247.jpeg,defect
img_00248.jpeg,normal
img_00249.jpeg,defect
img_00250.jpeg,defect
img_00251.jpeg,defect
img_00252.jpeg,defect
img_00253.jpeg,normal
img_00254.jpeg,defect
img_00255.jpeg,defect
img_00256.jpeg,defect
img_00257.jpeg,defect
img_00258.jpeg,defect
img_00259.jpeg,defect
img_00260.jpeg,defect
img_00261.jpeg,defect
img_00262.jpeg,normal
img_00263.jpeg,defect
img_00264.jpeg,defect
img_00265.jpeg,normal
img_00266.jpeg,normal
img_00267.jpeg,defect
img_00268.jpeg,defect
img_00269.jpeg,normal
img_00270.jpeg,defect
img_00271.jpeg,normal
img_00272.jpeg,normal
img_00273.jpeg,defect
img_00274.jpeg,normal
img_00275.jpeg,normal
img_00276.jpeg,normal
img_00277.jpeg,normal
img_00278.jpeg,defect
img_00279.jpeg,defect
img_00280.jpeg,defect
img_00281.jpeg,normal
img_00282.jpeg,defect
img_00283.jpeg,normal
img_00284.jpeg,normal
img_00285.jpeg,normal
img_00286.jpeg,defect
img_00287.jpeg,defect
img_00288.jpeg,defect
img_00289.jpeg,normal
img_00290.jpeg,defect
img_00291.jpeg,normal
img_00292.jpeg,defect
img_00293.jpeg,defect
img_00294.jpeg,normal
img_00295.jpeg,normal
img_00296.jpeg,defect
img_00297.jpeg,normal
img_00298.jpeg,normal
img_00299.jpeg,defect
img_00300.jpeg,normal
img_00301.jpeg,defect
img_00302.jpeg,defect
img_00303.jpeg,defect
img_00304.jpeg,normal
img_00305.jpeg,defect
img_00306.jpeg,defect
img_00307.jpeg,normal
img_00308.jpeg,normal
img_00309.jpeg,normal
img_00310.jpeg,normal
img_00311.jpeg,defect
img_00312.jpeg,normal
img_00313.jpeg,normal
img_00314.jpeg,normal
img_00315.jpeg,defect
img_00316.jpeg,normal
img_00317.jpeg,defect
img_00318.jpeg,defect
img_00319.jpeg,defect
img_00320.jpeg,normal
img_00321.jpeg,normal
img_00322.jpeg,defect
img_00323.jpeg,defect
img_00324.jpeg,normal
img_00325.jpeg,normal
img_00326.jpeg,normal
img_00327.jpeg,defect
img_00328.jpeg,defect
img_00329.jpeg,normal
img_00330.jpeg,defect
img_00331.jpeg,normal
img_00332.jpeg,defect
img_00333.jpeg,normal
img_00334.jpeg,defect
img_00335.jpeg,defect
img_00336.jpeg,defect
img_00337.jpeg,defect
img_00338.jpeg,normal
img_00339.jpeg,normal
img_00340.jpeg,normal
img_00341.jpeg,normal
img_00342.jpeg,defect
img_00343.jpeg,defect
img_00344.jpeg,defect
img_00345.jpeg,defect
img_00346.jpeg,normal
img_00347.jpeg,defect
img_00348.jpeg,defect
img_00349.jpeg,defect
img_00350.jpeg,defect
img_00351.jpeg,defect
img_00352.jpeg,defect
img_00353.jpeg,defect
img_00354.jpeg,defect
img_00355.jpeg,defect
img_00356.jpeg,defect
img_00357.jpeg,defect
img_00358.jpeg,normal
img_00359.jpeg,normal
img_00360.jpeg,normal
img_00361.jpeg,normal
img_00362.jpeg,defect
img_00363.jpeg,normal
img_00364.jpeg,defect
img_00365.jpeg,defect
img_00366.jpeg,defect
img_00367.jpeg,normal
img_00368.jpeg,normal
img_00369.jpeg,normal
img_00370.jpeg,defect
img_00371.jpeg,defect
img_00372.jpeg,normal
img_00373.jpeg,defect
img_00374.jpeg,defect
img_00375.jpeg,defect
img_00376.jpeg,defect
img_00377.jpeg,defect
img_00378.jpeg,defect
img_00379.jpeg,normal
img_00380.jpeg,defect
img_00381.jpeg,defect
img_00382.jpeg,normal
img_00383.jpeg,normal
img_00384.jpeg,defect
img_00385.jpeg,defect
img_00386.jpeg,normal
img_00387.jpeg,normal
img_00388.jpeg,defect
img_00389.jpeg,defect
img_00390.jpeg,normal
img_00391.jpeg,defect
img_00392.jpeg,defect
img_00393.jpeg,normal
img_00394.jpeg,defect
img_00395.jpeg,normal
img_00396.jpeg,normal
img_00397.jpeg,defect
img_00398.jpeg,normal
img_00399.jpeg,defect
img_00400.jpeg,defect
img_00401.jpeg,normal
img_00402.jpeg,normal
img_00403.jpeg,defect
img_00404.jpeg,normal
img_00405.jpeg,defect
img_00406.jpeg,normal
img_00407.jpeg,defect
img_00408.jpeg,defect
img_00409.jpeg,defect
img_00410.jpeg,normal
img_00411.jpeg,normal
img_00412.jpeg,defect
img_00413.jpeg,defect
img_00414.jpeg,normal
img_00415.jpeg,defect
img_00416.jpeg,defect
img_00417.jpeg,normal
img_00418.jpeg,defect
img_00419.jpeg,defect
img_00420.jpeg,defect
img_00421.jpeg,normal
img_00422.jpeg,defect
img_00423.jpeg,defect
img_00424.jpeg,defect
img_00425.jpeg,defect
img_00426.jpeg,defect
img_00427.jpeg,normal
img_00428.jpeg,defect
img_00429.jpeg,defect
img_00430.jpeg,defect
img_00431.jpeg,normal
img_00432.jpeg,defect
img_00433.jpeg,defect
img_00434.jpeg,defect
img_00435.jpeg,defect
img_00436.jpeg,defect
img_00437.jpeg,defect
img_00438.jpeg,defect
img_00439.jpeg,defect
img_00440.jpeg,defect
img_00441.jpeg,defect
img_00442.jpeg,defect
img_00443.jpeg,normal
img_00444.jpeg,defect
img_00445.jpeg,normal
img_00446.jpeg,defect
img_00447.jpeg,normal
img_00448.jpeg,defect
img_00449.jpeg,defect
img_00450.jpeg,defect
img_00451.jpeg,defect
img_00452.jpeg,normal
img_00453.jpeg,normal
img_00454.jpeg,defect
img_00455.jpeg,normal
img_00456.jpeg,normal
img_00457.jpeg,defect
img_00458.jpeg,defect
img_00459.jpeg,defect
img_00460.jpeg,defect
img_00461.jpeg,defect
img_00462.jpeg,normal
img_00463.jpeg,defect
img_00464.jpeg,defect
img_00465.jpeg,defect
img_00466.jpeg,defect
img_00467.jpeg,defect
img_00468.jpeg,normal
img_00469.jpeg,defect
img_00470.jpeg,normal
img_00471.jpeg,defect
img_00472.jpeg,normal
img_00473.jpeg,defect
img_00474.jpeg,normal
img_00475.jpeg,normal
img_00476.jpeg,defect
img_00477.jpeg,defect
img_00478.jpeg,defect
img_00479.jpeg,defect
img_00480.jpeg,defect
img_00481.jpeg,defect
img_00482.jpeg,normal
img_00483.jpeg,defect
img_00484.jpeg,defect
img_00485.jpeg,defect
img_00486.jpeg,normal
img_00487.jpeg,normal
img_00488.jpeg,defect
img_00489.jpeg,normal
img_00490.jpeg,defect
img_00491.jpeg,defect
img_00492.jpeg,defect
img_00493.jpeg,defect
img_00494.jpeg,defect
img_00495.jpeg,normal
img_00496.jpeg,defect
img_00497.jpeg,defect
img_00498.jpeg,defect
img_00499.jpeg,defect
img_00500.jpeg,normal
img_00501.jpeg,normal
img_00502.jpeg,normal
img_00503.jpeg,defect
img_00504.jpeg,normal
img_00505.jpeg,normal
img_00506.jpeg,defect
img_00507.jpeg,normal
img_00508.jpeg,normal
img_00509.jpeg,normal
img_00510.jpeg,defect
img_00511.jpeg,normal
img_00512.jpeg,normal
img_00513.jpeg,normal
img_00514.jpeg,normal
img_00515.jpeg,defect
img_00516.jpeg,defect
img_00517.jpeg,defect
img_00518.jpeg,defect
img_00519.jpeg,normal
img_00520.jpeg,normal
img_00521.jpeg,defect
img_00522.jpeg,normal
img_00523.jpeg,normal
img_00524.jpeg,normal
img_00525.jpeg,normal
img_00526.jpeg,defect
img_00527.jpeg,normal
img_00528.jpeg,defect
img_00529.jpeg,defect
img_00530.jpeg,normal
img_00531.jpeg,defect
img_00532.jpeg,normal
img_00533.jpeg,normal
img_00534.jpeg,defect
img_00535.jpeg,normal
img_00536.jpeg,defect
img_00537.jpeg,defect
img_00538.jpeg,normal
img_00539.jpeg,normal
img_00540.jpeg,defect
img_00541.jpeg,normal
img_00542.jpeg,normal
img_00543.jpeg,normal
img_00544.jpeg,defect
img_00545.jpeg,normal
img_00546.jpeg,defect
img_00547.jpeg,defect
img_00548.jpeg,defect
img_00549.jpeg,normal
img_00550.jpeg,defect
img_00551.jpeg,normal
img_00552.jpeg,defect
img_00553.jpeg,defect
img_00554.jpeg,normal
img_00555.jpeg,defect
img_00556.jpeg,defect
img_00557.jpeg,normal
img_00558.jpeg,normal
img_00559.jpeg,defect
img_00560.jpeg,normal
img_00561.jpeg,normal
img_00562.jpeg,normal
img_00563.jpeg,normal
img_00564.jpeg,normal
img_00565.jpeg,normal
img_00566.jpeg,defect
img_00567.jpeg,normal
img_00568.jpeg,normal
img_00569.jpeg,defect
img_00570.jpeg,defect
img_00571.jpeg,defect
img_00572.jpeg,normal
img_00573.jpeg,defect
img_00574.jpeg,normal
img_00575.jpeg,defect
img_00576.jpeg,normal
img_00577.jpeg,defect
img_00578.jpeg,defect
img_00579.jpeg,normal
img_00580.jpeg,defect
img_00581.jpeg,defect
img_00582.jpeg,defect
img_00583.jpeg,normal
img_00584.jpeg,normal
img_00585.jpeg,defect
img_00586.jpeg,defect
img_00587.jpeg,defect
img_00588.jpeg,defect
img_00589.jpeg,defect
img_00590.jpeg,defect
img_00591.jpeg,normal
img_00592.jpeg,defect
img_00593.jpeg,defect
img_00594.jpeg,defect
img_00595.jpeg,normal
img_00596.jpeg,normal
img_00597.jpeg,normal
img_00598.jpeg,defect
img_00599.jpeg,defect
img_00600.jpeg,defect
img_00601.jpeg,defect
img_00602.jpeg,normal
img_00603.jpeg,defect
img_00604.jpeg,defect
img_00605.jpeg,defect
img_00606.jpeg,normal
img_00607.jpeg,normal
img_00608.jpeg,defect
img_00609.jpeg,defect
img_00610.jpeg,normal
img_00611.jpeg,normal
img_00612.jpeg,normal
img_00613.jpeg,normal
img_00614.jpeg,normal
img_00615.jpeg,defect
img_00616.jpeg,normal
img_00617.jpeg,normal
img_00618.jpeg,normal
img_00619.jpeg,normal
img_00620.jpeg,normal
img_00621.jpeg,normal
img_00622.jpeg,defect
img_00623.jpeg,normal
img_00624.jpeg,defect
img_00625.jpeg,defect
img_00626.jpeg,defect
img_00627.jpeg,defect
img_00628.jpeg,normal
img_00629.jpeg,defect
img_00630.jpeg,defect
img_00631.jpeg,defect
img_00632.jpeg,defect
img_00633.jpeg,normal
img_00634.jpeg,normal
img_00635.jpeg,normal
img_00636.jpeg,normal
img_00637.jpeg,defect
img_00638.jpeg,defect
img_00639.jpeg,normal
img_00640.jpeg,normal
img_00641.jpeg,defect
img_00642.jpeg,defect
img_00643.jpeg,defect
img_00644.jpeg,normal
img_00645.jpeg,defect
img_00646.jpeg,defect
img_00647.jpeg,normal
img_00648.jpeg,normal
img_00649.jpeg,defect
img_00650.jpeg,normal
img_00651.jpeg,defect
img_00652.jpeg,normal
img_00653.jpeg,normal
img_00654.jpeg,defect
img_00655.jpeg,defect
img_00656.jpeg,defect
img_00657.jpeg,defect
img_00658.jpeg,normal
img_00659.jpeg,normal
img_00660.jpeg,defect
img_00661.jpeg,defect
img_00662.jpeg,defect
img_00663.jpeg,defect
img_00664.jpeg,normal
img_00665.jpeg,defect
img_00666.jpeg,defect
img_00667.jpeg,defect
img_00668.jpeg,defect
img_00669.jpeg,defect
img_00670.jpeg,normal
img_00671.jpeg,defect
img_00672.jpeg,normal
img_00673.jpeg,defect
img_00674.jpeg,normal
img_00675.jpeg,defect
img_00676.jpeg,defect
img_00677.jpeg,normal
img_00678.jpeg,normal
img_00679.jpeg,defect
img_00680.jpeg,defect
img_00681.jpeg,defect
img_00682.jpeg,normal
img_00683.jpeg,normal
img_00684.jpeg,normal
img_00685.jpeg,normal
img_00686.jpeg,normal
img_00687.jpeg,defect
img_00688.jpeg,normal
img_00689.jpeg,normal
img_00690.jpeg,normal
img_00691.jpeg,normal
img_00692.jpeg,defect
img_00693.jpeg,defect
img_00694.jpeg,defect
img_00695.jpeg,defect
img_00696.jpeg,defect
img_00697.jpeg,normal
img_00698.jpeg,normal
img_00699.jpeg,normal
img_00700.jpeg,normal
img_00701.jpeg,defect
img_00702.jpeg,defect
img_00703.jpeg,defect
img_00704.jpeg,normal
img_00705.jpeg,normal
img_00706.jpeg,normal
img_00707.jpeg,normal
img_00708.jpeg,defect
img_00709.jpeg,normal
img_00710.jpeg,normal
img_00711.jpeg,normal
img_00712.jpeg,defect
img_00713.jpeg,defect
img_00714.jpeg,normal
img_00715.jpeg,normal
img_00716.jpeg,defect
img_00717.jpeg,normal
img_00718.jpeg,normal
img_00719.jpeg,defect
img_00720.jpeg,normal
img_00721.jpeg,defect
img_00722.jpeg,normal
img_00723.jpeg,normal
img_00724.jpeg,defect
img_00725.jpeg,normal
img_00726.jpeg,normal
img_00727.jpeg,normal
img_00728.jpeg,defect
img_00729.jpeg,normal
img_00730.jpeg,defect
img_00731.jpeg,normal
img_00732.jpeg,defect
img_00733.jpeg,normal
img_00734.jpeg,normal
img_00735.jpeg,normal
img_00736.jpeg,normal
img_00737.jpeg,normal
img_00738.jpeg,normal
img_00739.jpeg,defect
img_00740.jpeg,normal
img_00741.jpeg,defect
img_00742.jpeg,defect
img_00743.jpeg,normal
img_00744.jpeg,defect
img_00745.jpeg,normal
img_00746.jpeg,normal
img_00747.jpeg,defect
img_00748.jpeg,normal
img_00749.jpeg,normal
img_00750.jpeg,defect
img_00751.jpeg,defect
img_00752.jpeg,defect
img_00753.jpeg,defect
img_00754.jpeg,normal
img_00755.jpeg,defect
img_00756.jpeg,normal
img_00757.jpeg,defect
img_00758.jpeg,defect
img_00759.jpeg,normal
img_00760.jpeg,normal
img_00761.jpeg,defect
img_00762.jpeg,normal
img_00763.jpeg,defect
img_00764.jpeg,normal
img_00765.jpeg,normal
img_00766.jpeg,normal
img_00767.jpeg,defect
img_00768.jpeg,normal
img_00769.jpeg,normal
img_00770.jpeg,defect
img_00771.jpeg,defect
img_00772.jpeg,normal
img_00773.jpeg,defect
img_00774.jpeg,normal
img_00775.jpeg,normal
img_00776.jpeg,defect
img_00777.jpeg,normal
img_00778.jpeg,normal
img_00779.jpeg,normal
img_00780.jpeg,normal
img_00781.jpeg,defect
img_00782.jpeg,defect
img_00783.jpeg,defect
img_00784.jpeg,normal
img_00785.jpeg,defect
img_00786.jpeg,normal
img_00787.jpeg,defect
img_00788.jpeg,normal
img_00789.jpeg,defect
img_00790.jpeg,normal
img_00791.jpeg,defect
img_00792.jpeg,normal
img_00793.jpeg,normal
img_00794.jpeg,normal
img_00795.jpeg,normal
img_00796.jpeg,normal
img_00797.jpeg,normal
img_00798.jpeg,normal
img_00799.jpeg,defect
img_00800.jpeg,normal
img_00801.jpeg,normal
img_00802.jpeg,normal
img_00803.jpeg,normal
img_00804.jpeg,normal
img_00805.jpeg,defect
img_00806.jpeg,defect
img_00807.jpeg,defect
img_00808.jpeg,normal
img_00809.jpeg,normal
img_00810.jpeg,normal
img_00811.jpeg,defect
img_00812.jpeg,normal
img_00813.jpeg,normal
img_00814.jpeg,normal
img_00815.jpeg,normal
img_00816.jpeg,normal
img_00817.jpeg,normal
img_00818.jpeg,defect
img_00819.jpeg,normal
img_00820.jpeg,defect
img_00821.jpeg,defect
img_00822.jpeg,defect
img_00823.jpeg,normal
img_00824.jpeg,normal
img_00825.jpeg,normal
img_00826.jpeg,normal
img_00827.jpeg,normal
img_00828.jpeg,normal
img_00829.jpeg,normal
img_00830.jpeg,normal
img_00831.jpeg,defect
img_00832.jpeg,normal
img_00833.jpeg,normal
img_00834.jpeg,normal
img_00835.jpeg,normal
img_00836.jpeg,normal
img_00837.jpeg,normal
img_00838.jpeg,normal
img_00839.jpeg,normal
img_00840.jpeg,defect
img_00841.jpeg,defect
img_00842.jpeg,normal
img_00843.jpeg,normal
img_00844.jpeg,defect
img_00845.jpeg,defect
img_00846.jpeg,defect
img_00847.jpeg,defect
img_00848.jpeg,normal
img_00849.jpeg,defect
img_00850.jpeg,defect
img_00851.jpeg,defect
img_00852.jpeg,defect
img_00853.jpeg,normal
img_00854.jpeg,defect
img_00855.jpeg,defect
img_00856.jpeg,normal
img_00857.jpeg,normal
img_00858.jpeg,defect
img_00859.jpeg,normal
img_00860.jpeg,normal
img_00861.jpeg,normal
img_00862.jpeg,normal
img_00863.jpeg,normal
img_00864.jpeg,normal
img_00865.jpeg,defect
img_00866.jpeg,normal
img_00867.jpeg,defect
img_00868.jpeg,defect
img_00869.jpeg,defect
img_00870.jpeg,defect
img_00871.jpeg,normal
img_00872.jpeg,defect
img_00873.jpeg,defect
img_00874.jpeg,normal
img_00875.jpeg,defect
img_00876.jpeg,normal
img_00877.jpeg,normal
img_00878.jpeg,normal
img_00879.jpeg,defect
img_00880.jpeg,normal
img_00881.jpeg,defect
img_00882.jpeg,defect
img_00883.jpeg,defect
img_00884.jpeg,normal
img_00885.jpeg,defect
img_00886.jpeg,defect
img_00887.jpeg,defect
img_00888.jpeg,normal
img_00889.jpeg,normal
img_00890.jpeg,normal
img_00891.jpeg,defect
img_00892.jpeg,normal
img_00893.jpeg,normal
img_00894.jpeg,normal
img_00895.jpeg,defect
img_00896.jpeg,normal
img_00897.jpeg,defect
img_00898.jpeg,normal
img_00899.jpeg,normal
img_00900.jpeg,normal
img_00901.jpeg,defect
img_00902.jpeg,defect
img_00903.jpeg,defect
img_00904.jpeg,defect
img_00905.jpeg,normal
img_00906.jpeg,defect
img_00907.jpeg,defect
img_00908.jpeg,normal
img_00909.jpeg,normal
img_00910.jpeg,normal
img_00911.jpeg,defect
img_00912.jpeg,normal
img_00913.jpeg,normal
img_00914.jpeg,defect
img_00915.jpeg,normal
img_00916.jpeg,normal
img_00917.jpeg,defect
img_00918.jpeg,normal
img_00919.jpeg,defect
img_00920.jpeg,normal
img_00921.jpeg,defect
img_00922.jpeg,defect
img_00923.jpeg,defect
img_00924.jpeg,defect
img_00925.jpeg,defect
img_00926.jpeg,defect
img_00927.jpeg,normal
img_00928.jpeg,normal
img_00929.jpeg,normal
img_00930.jpeg,normal
img_00931.jpeg,normal
img_00932.jpeg,defect
img_00933.jpeg,defect
img_00934.jpeg,defect
img_00935.jpeg,normal
img_00936.jpeg,normal
img_00937.jpeg,defect
img_00938.jpeg,normal
img_00939.jpeg,defect
img_00940.jpeg,defect
img_00941.jpeg,defect
img_00942.jpeg,defect
img_00943.jpeg,defect
img_00944.jpeg,normal
img_00945.jpeg,defect
img_00946.jpeg,defect
img_00947.jpeg,defect
img_00948.jpeg,defect
img_00949.jpeg,normal
img_00950.jpeg,normal
img_00951.jpeg,defect
img_00952.jpeg,normal
img_00953.jpeg,defect
img_00954.jpeg,normal
img_00955.jpeg,defect
img_00956.jpeg,normal
img_00957.jpeg,defect
img_00958.jpeg,normal
img_00959.jpeg,normal
img_00960.jpeg,defect
img_00961.jpeg,normal
img_00962.jpeg,normal
img_00963.jpeg,defect
img_00964.jpeg,normal
img_00965.jpeg,normal
img_00966.jpeg,normal
img_00967.jpeg,defect
img_00968.jpeg,normal
img_00969.jpeg,defect
img_00970.jpeg,defect
img_00971.jpeg,defect
img_00972.jpeg,normal
img_00973.jpeg,defect
img_00974.jpeg,normal
img_00975.jpeg,normal
img_00976.jpeg,defect
img_00977.jpeg,normal
img_00978.jpeg,defect
img_00979.jpeg,defect
img_00980.jpeg,defect
img_00981.jpeg,defect
img_00982.jpeg,defect
img_00983.jpeg,normal
img_00984.jpeg,normal
img_00985.jpeg,defect
img_00986.jpeg,normal
img_00987.jpeg,normal
img_00988.jpeg,normal
img_00989.jpeg,normal
img_00990.jpeg,defect
img_00991.jpeg,defect
img_00992.jpeg,normal
img_00993.jpeg,normal
img_00994.jpeg,defect
img_00995.jpeg,normal
img_00996.jpeg,defect
img_00997.jpeg,normal
img_00998.jpeg,normal
img_00999.jpeg,defect
img_01000.jpeg,normal
img_01001.jpeg,defect
img_01002.jpeg,normal
img_01003.jpeg,defect
img_01004.jpeg,normal
img_01005.jpeg,defect
img_01006.jpeg,normal
img_01007.jpeg,defect
img_01008.jpeg,normal
img_01009.jpeg,defect
img_01010.jpeg,normal
img_01011.jpeg,defect
img_01012.jpeg,defect
img_01013.jpeg,defect
img_01014.jpeg,defect
img_01015.jpeg,defect
img_01016.jpeg,defect
img_01017.jpeg,normal
img_01018.jpeg,defect
img_01019.jpeg,defect
img_01020.jpeg,normal
img_01021.jpeg,defect
img_01022.jpeg,defect
img_01023.jpeg,defect
img_01024.jpeg,defect
img_01025.jpeg,normal
img_01026.jpeg,normal
img_01027.jpeg,normal
img_01028.jpeg,normal
img_01029.jpeg,defect
img_01030.jpeg,defect
img_01031.jpeg,defect
img_01032.jpeg,defect
img_01033.jpeg,defect
img_01034.jpeg,normal
img_01035.jpeg,defect
img_01036.jpeg,defect
img_01037.jpeg,defect
img_01038.jpeg,defect
img_01039.jpeg,defect
img_01040.jpeg,defect
img_01041.jpeg,defect
img_01042.jpeg,normal
img_01043.jpeg,defect
img_01044.jpeg,defect
img_01045.jpeg,normal
img_01046.jpeg,defect
img_01047.jpeg,normal
img_01048.jpeg,defect
img_01049.jpeg,defect
img_01050.jpeg,defect
img_01051.jpeg,normal
img_01052.jpeg,defect
img_01053.jpeg,normal
img_01054.jpeg,defect
img_01055.jpeg,defect
img_01056.jpeg,defect
img_01057.jpeg,defect
img_01058.jpeg,defect
img_01059.jpeg,defect
img_01060.jpeg,defect
img_01061.jpeg,normal
img_01062.jpeg,defect
img_01063.jpeg,defect
img_01064.jpeg,normal
img_01065.jpeg,defect
img_01066.jpeg,defect
img_01067.jpeg,defect
img_01068.jpeg,normal
img_01069.jpeg,defect
img_01070.jpeg,defect
img_01071.jpeg,defect
img_01072.jpeg,defect
img_01073.jpeg,normal
img_01074.jpeg,defect
img_01075.jpeg,normal
img_01076.jpeg,defect
img_01077.jpeg,defect
img_01078.jpeg,normal
img_01079.jpeg,normal
img_01080.jpeg,normal
img_01081.jpeg,normal
img_01082.jpeg,defect
img_01083.jpeg,defect
img_01084.jpeg,normal
img_01085.jpeg,normal
img_01086.jpeg,normal
img_01087.jpeg,normal
img_01088.jpeg,normal
img_01089.jpeg,defect
img_01090.jpeg,normal
img_01091.jpeg,normal
img_01092.jpeg,normal
img_01093.jpeg,defect
img_01094.jpeg,defect
img_01095.jpeg,defect
img_01096.jpeg,defect
img_01097.jpeg,defect
img_01098.jpeg,defect
img_01099.jpeg,defect
img_01100.jpeg,defect
img_01101.jpeg,normal
img_01102.jpeg,defect
img_01103.jpeg,defect
img_01104.jpeg,normal
img_01105.jpeg,defect
img_01106.jpeg,normal
img_01107.jpeg,defect
img_01108.jpeg,defect
img_01109.jpeg,defect
img_01110.jpeg,normal
img_01111.jpeg,defect
img_01112.jpeg,defect
img_01113.jpeg,defect
img_01114.jpeg,normal
img_01115.jpeg,normal
img_01116.jpeg,defect
img_01117.jpeg,normal
img_01118.jpeg,normal
img_01119.jpeg,normal
img_01120.jpeg,defect
img_01121.jpeg,defect
img_01122.jpeg,defect
img_01123.jpeg,defect
img_01124.jpeg,normal
img_01125.jpeg,defect
img_01126.jpeg,normal
img_01127.jpeg,defect
img_01128.jpeg,normal
img_01129.jpeg,defect
img_01130.jpeg,defect
img_01131.jpeg,defect
img_01132.jpeg,defect
img_01133.jpeg,normal
img_01134.jpeg,defect
img_01135.jpeg,defect
img_01136.jpeg,normal
img_01137.jpeg,normal
img_01138.jpeg,defect
img_01139.jpeg,defect
img_01140.jpeg,defect
img_01141.jpeg,defect
img_01142.jpeg,defect
img_01143.jpeg,normal
img_01144.jpeg,defect
img_01145.jpeg,normal
img_01146.jpeg,defect
img_01147.jpeg,normal
img_01148.jpeg,defect
img_01149.jpeg,defect
img_01150.jpeg,normal
img_01151.jpeg,defect
img_01152.jpeg,defect
img_01153.jpeg,normal
img_01154.jpeg,normal
img_01155.jpeg,defect
img_01156.jpeg,defect
img_01157.jpeg,defect
img_01158.jpeg,normal
img_01159.jpeg,normal
img_01160.jpeg,defect
img_01161.jpeg,defect
img_01162.jpeg,defect
img_01163.jpeg,normal
img_01164.jpeg,normal
img_01165.jpeg,normal
img_01166.jpeg,defect
img_01167.jpeg,normal
img_01168.jpeg,defect
img_01169.jpeg,defect
img_01170.jpeg,normal
img_01171.jpeg,normal
img_01172.jpeg,defect
img_01173.jpeg,defect
img_01174.jpeg,defect
img_01175.jpeg,normal
img_01176.jpeg,defect
img_01177.jpeg,normal
img_01178.jpeg,defect
img_01179.jpeg,normal
img_01180.jpeg,defect
img_01181.jpeg,defect
img_01182.jpeg,defect
img_01183.jpeg,defect
img_01184.jpeg,normal
img_01185.jpeg,normal
img_01186.jpeg,defect
img_01187.jpeg,defect
img_01188.jpeg,defect
img_01189.jpeg,defect
img_01190.jpeg,normal
img_01191.jpeg,defect
img_01192.jpeg,defect
img_01193.jpeg,defect
img_01194.jpeg,normal
img_01195.jpeg,defect
img_01196.jpeg,defect
img_01197.jpeg,normal
img_01198.jpeg,defect
img_01199.jpeg,defect
img_01200.jpeg,defect
img_01201.jpeg,normal
img_01202.jpeg,normal
img_01203.jpeg,defect
img_01204.jpeg,defect
img_01205.jpeg,defect
img_01206.jpeg,defect
img_01207.jpeg,normal
img_01208.jpeg,normal
img_01209.jpeg,normal
img_01210.jpeg,normal
img_01211.jpeg,normal
img_01212.jpeg,normal
img_01213.jpeg,normal
img_01214.jpeg,defect
img_01215.jpeg,normal
img_01216.jpeg,defect
img_01217.jpeg,defect
img_01218.jpeg,normal
img_01219.jpeg,normal
img_01220.jpeg,defect
img_01221.jpeg,normal
img_01222.jpeg,defect
img_01223.jpeg,normal
img_01224.jpeg,normal
img_01225.jpeg,normal
img_01226.jpeg,defect
img_01227.jpeg,defect
img_01228.jpeg,defect
img_01229.jpeg,defect
img_01230.jpeg,normal
img_01231.jpeg,defect
img_01232.jpeg,normal
img_01233.jpeg,normal
img_01234.jpeg,defect
img_01235.jpeg,normal
img_01236.jpeg,defect
img_01237.jpeg,normal
img_01238.jpeg,defect
img_01239.jpeg,normal
img_01240.jpeg,defect
img_01241.jpeg,defect
img_01242.jpeg,defect
img_01243.jpeg,defect
img_01244.jpeg,defect
img_01245.jpeg,defect
img_01246.jpeg,normal
img_01247.jpeg,normal
img_01248.jpeg,defect
img_01249.jpeg,normal
img_01250.jpeg,normal
img_01251.jpeg,defect
img_01252.jpeg,defect
img_01253.jpeg,normal
img_01254.jpeg,normal
img_01255.jpeg,normal
img_01256.jpeg,defect
img_01257.jpeg,normal
img_01258.jpeg,normal
img_01259.jpeg,defect
img_01260.jpeg,normal
img_01261.jpeg,defect
img_01262.jpeg,normal
img_01263.jpeg,defect
img_01264.jpeg,defect
img_01265.jpeg,normal
img_01266.jpeg,normal
img_01267.jpeg,normal
img_01268.jpeg,normal
img_01269.jpeg,defect
img_01270.jpeg,defect
img_01271.jpeg,defect
img_01272.jpeg,normal
img_01273.jpeg,normal
img_01274.jpeg,defect
img_01275.jpeg,defect
img_01276.jpeg,defect
img_01277.jpeg,normal
img_01278.jpeg,normal
img_01279.jpeg,normal
img_01280.jpeg,defect
img_01281.jpeg,defect
img_01282.jpeg,normal
img_01283.jpeg,defect
img_01284.jpeg,defect
img_01285.jpeg,defect
img_01286.jpeg,defect
img_01287.jpeg,defect
img_01288.jpeg,normal
img_01289.jpeg,normal
img_01290.jpeg,normal
img_01291.jpeg,normal
img_01292.jpeg,normal
img_01293.jpeg,normal
img_01294.jpeg,defect
img_01295.jpeg,normal
img_01296.jpeg,normal
img_01297.jpeg,normal
img_01298.jpeg,normal
img_01299.jpeg,defect
img_01300.jpeg,normal
img_01301.jpeg,defect
img_01302.jpeg,normal
img_01303.jpeg,normal
img_01304.jpeg,normal
img_01305.jpeg,normal
img_01306.jpeg,normal
img_01307.jpeg,normal
img_01308.jpeg,normal
img_01309.jpeg,normal
img_01310.jpeg,normal
img_01311.jpeg,defect
img_01312.jpeg,defect
img_01313.jpeg,defect
img_01314.jpeg,defect
img_01315.jpeg,defect
img_01316.jpeg,defect
img_01317.jpeg,normal
img_01318.jpeg,defect
img_01319.jpeg,defect
img_01320.jpeg,normal
img_01321.jpeg,defect
img_01322.jpeg,normal
img_01323.jpeg,defect
img_01324.jpeg,normal
img_01325.jpeg,defect
img_01326.jpeg,normal
img_01327.jpeg,defect
img_01328.jpeg,normal
img_01329.jpeg,normal
img_01330.jpeg,defect
img_01331.jpeg,normal
img_01332.jpeg,defect
img_01333.jpeg,defect
img_01334.jpeg,defect
img_01335.jpeg,defect
img_01336.jpeg,defect
img_01337.jpeg,defect
img_01338.jpeg,defect
img_01339.jpeg,normal
img_01340.jpeg,defect
img_01341.jpeg,defect
img_01342.jpeg,normal
img_01343.jpeg,normal
img_01344.jpeg,defect
img_01345.jpeg,normal
img_01346.jpeg,normal
img_01347.jpeg,normal
img_01348.jpeg,defect
img_01349.jpeg,normal
img_01350.jpeg,defect
img_01351.jpeg,defect
img_01352.jpeg,defect
img_01353.jpeg,defect
img_01354.jpeg,defect
img_01355.jpeg,normal
img_01356.jpeg,normal
img_01357.jpeg,defect
img_01358.jpeg,defect
img_01359.jpeg,defect
img_01360.jpeg,normal
img_01361.jpeg,normal
img_01362.jpeg,normal
img_01363.jpeg,normal
img_01364.jpeg,normal
img_01365.jpeg,normal
img_01366.jpeg,normal
img_01367.jpeg,normal
img_01368.jpeg,normal
img_01369.jpeg,defect
img_01370.jpeg,defect
img_01371.jpeg,defect
img_01372.jpeg,defect
img_01373.jpeg,normal
img_01374.jpeg,defect
img_01375.jpeg,defect
img_01376.jpeg,normal
img_01377.jpeg,defect
img_01378.jpeg,normal
img_01379.jpeg,defect
img_01380.jpeg,normal
img_01381.jpeg,defect
img_01382.jpeg,normal
img_01383.jpeg,normal
img_01384.jpeg,defect
img_01385.jpeg,normal
img_01386.jpeg,defect
img_01387.jpeg,defect
img_01388.jpeg,defect
img_01389.jpeg,normal
img_01390.jpeg,defect
img_01391.jpeg,normal
img_01392.jpeg,normal
img_01393.jpeg,normal
img_01394.jpeg,defect
img_01395.jpeg,defect
img_01396.jpeg,defect
img_01397.jpeg,defect
img_01398.jpeg,defect
img_01399.jpeg,defect
img_01400.jpeg,normal
img_01401.jpeg,normal
img_01402.jpeg,normal
img_01403.jpeg,defect
img_01404.jpeg,normal
img_01405.jpeg,normal
img_01406.jpeg,normal
img_01407.jpeg,normal
img_01408.jpeg,normal
img_01409.jpeg,normal
img_01410.jpeg,normal
img_01411.jpeg,normal
img_01412.jpeg,defect
img_01413.jpeg,normal
img_01414.jpeg,normal
img_01415.jpeg,defect
img_01416.jpeg,defect
img_01417.jpeg,defect
img_01418.jpeg,normal
img_01419.jpeg,defect
img_01420.jpeg,defect
img_01421.jpeg,normal
img_01422.jpeg,normal
img_01423.jpeg,normal
img_01424.jpeg,normal
img_01425.jpeg,defect
img_01426.jpeg,defect
img_01427.jpeg,defect
img_01428.jpeg,defect
img_01429.jpeg,normal
img_01430.jpeg,normal
img_01431.jpeg,defect
img_01432.jpeg,normal
img_01433.jpeg,defect
img_01434.jpeg,defect
img_01435.jpeg,defect
img_01436.jpeg,normal
img_01437.jpeg,defect
img_01438.jpeg,normal
img_01439.jpeg,defect
img_01440.jpeg,defect
img_01441.jpeg,defect
img_01442.jpeg,defect
img_01443.jpeg,normal
img_01444.jpeg,defect
img_01445.jpeg,defect
img_01446.jpeg,defect
img_01447.jpeg,defect
img_01448.jpeg,normal
img_01449.jpeg,normal
img_01450.jpeg,normal
img_01451.jpeg,normal
img_01452.jpeg,normal
img_01453.jpeg,normal
img_01454.jpeg,defect
img_01455.jpeg,defect
img_01456.jpeg,defect
img_01457.jpeg,defect
img_01458.jpeg,normal
img_01459.jpeg,defect
img_01460.jpeg,defect
img_01461.jpeg,normal
img_01462.jpeg,defect
img_01463.jpeg,normal
img_01464.jpeg,normal
img_01465.jpeg,normal
img_01466.jpeg,normal
img_01467.jpeg,normal
img_01468.jpeg,normal
img_01469.jpeg,normal
img_01470.jpeg,normal
img_01471.jpeg,normal
img_01472.jpeg,normal
img_01473.jpeg,normal
img_01474.jpeg,defect
img_01475.jpeg,normal
img_01476.jpeg,defect
img_01477.jpeg,defect
img_01478.jpeg,normal
img_01479.jpeg,defect
img_01480.jpeg,defect
img_01481.jpeg,normal
img_01482.jpeg,defect
img_01483.jpeg,defect
img_01484.jpeg,defect
img_01485.jpeg,normal
img_01486.jpeg,normal
img_01487.jpeg,normal
img_01488.jpeg,defect
img_01489.jpeg,normal
img_01490.jpeg,defect
img_01490.jpeg,normal
img_01491.jpeg,normal
img_01492.jpeg,normal
img_01493.jpeg,normal
img_01494.jpeg,normal
img_01495.jpeg,defect
img_01496.jpeg,normal
img_01497.jpeg,normal
img_01498.jpeg,normal
img_01499.jpeg,defect
img_01500.jpeg,defect
img_01501.jpeg,defect
img_01502.jpeg,normal
img_01503.jpeg,normal
img_01504.jpeg,normal
img_01505.jpeg,defect
img_01506.jpeg,normal
img_01507.jpeg,normal
img_01508.jpeg,defect
img_01509.jpeg,defect
img_01510.jpeg,defect
img_01511.jpeg,defect
img_01512.jpeg,normal
img_01513.jpeg,normal
img_01514.jpeg,defect
img_01515.jpeg,defect
img_01516.jpeg,defect
img_01517.jpeg,normal
img_01518.jpeg,normal
img_01519.jpeg,normal
img_01520.jpeg,defect
img_01521.jpeg,defect
img_01522.jpeg,defect
img_01523.jpeg,normal
img_01524.jpeg,normal
img_01525.jpeg,normal
img_01526.jpeg,normal
img_01527.jpeg,normal
img_01528.jpeg,defect
img_01529.jpeg,normal
img_01530.jpeg,defect
img_01531.jpeg,normal
img_01532.jpeg,defect
img_01533.jpeg,defect
img_01534.jpeg,normal
img_01535.jpeg,normal
img_01536.jpeg,defect
img_01537.jpeg,defect
img_01538.jpeg,defect
img_01539.jpeg,defect
img_01540.jpeg,normal
img_01541.jpeg,normal
img_01542.jpeg,defect
img_01543.jpeg,defect
img_01544.jpeg,normal
img_01545.jpeg,normal
img_01546.jpeg,defect
img_01547.jpeg,defect
img_01548.jpeg,normal
img_01549.jpeg,defect
img_01550.jpeg,normal
img_01551.jpeg,defect
img_01552.jpeg,normal
img_01553.jpeg,defect
img_01554.jpeg,defect
img_01555.jpeg,defect
img_01556.jpeg,defect
img_01557.jpeg,defect
img_01558.jpeg,defect
img_01559.jpeg,normal
img_01560.jpeg,normal
img_01561.jpeg,defect
img_01562.jpeg,defect
img_01563.jpeg,defect
img_01564.jpeg,normal
img_01565.jpeg,normal
img_01566.jpeg,normal
img_01567.jpeg,normal
img_01568.jpeg,normal
img_01569.jpeg,defect
img_01570.jpeg,normal
img_01571.jpeg,defect
img_01572.jpeg,normal
img_01573.jpeg,defect
img_01574.jpeg,normal
img_01575.jpeg,normal
img_01576.jpeg,normal
img_01577.jpeg,normal
img_01578.jpeg,defect
img_01579.jpeg,defect
img_01580.jpeg,normal
img_01581.jpeg,defect
img_01582.jpeg,normal
img_01583.jpeg,defect
img_01584.jpeg,normal
img_01585.jpeg,defect
img_01586.jpeg,defect
img_01587.jpeg,normal
img_01588.jpeg,defect
img_01589.jpeg,defect
img_01590.jpeg,defect
img_01591.jpeg,defect
img_01592.jpeg,normal
img_01593.jpeg,normal
img_01594.jpeg,normal
img_01595.jpeg,normal
img_01596.jpeg,normal
img_01597.jpeg,defect
img_01598.jpeg,defect
img_01599.jpeg,defect
img_01600.jpeg,normal
img_01601.jpeg,defect
img_01602.jpeg,normal
img_01603.jpeg,normal
img_01604.jpeg,defect
img_01605.jpeg,normal
img_01606.jpeg,defect
img_01607.jpeg,normal
img_01608.jpeg,defect
img_01609.jpeg,normal
img_01610.jpeg,normal
img_01611.jpeg,normal
img_01612.jpeg,defect
img_01613.jpeg,normal
img_01614.jpeg,defect
img_01615.jpeg,defect
img_01616.jpeg,defect
img_01617.jpeg,normal
img_01618.jpeg,normal
img_01619.jpeg,defect
img_01620.jpeg,normal
img_01621.jpeg,defect
img_01622.jpeg,normal
img_01623.jpeg,defect
img_01624.jpeg,normal
img_01625.jpeg,defect
img_01626.jpeg,normal
img_01627.jpeg,normal
img_01628.jpeg,normal
img_01629.jpeg,normal
img_01630.jpeg,normal
img_01631.jpeg,normal
img_01632.jpeg,normal
img_01633.jpeg,defect
img_01634.jpeg,defect
img_01635.jpeg,defect
img_01636.jpeg,defect
img_01637.jpeg,defect
img_01638.jpeg,normal
img_01639.jpeg,normal
img_01640.jpeg,normal
img_01641.jpeg,defect
img_01642.jpeg,normal
img_01643.jpeg,normal
img_01644.jpeg,normal
img_01645.jpeg,normal
img_01646.jpeg,normal
img_01647.jpeg,normal
img_01648.jpeg,normal
img_01649.jpeg,normal
img_01650.jpeg,defect
img_01651.jpeg,defect
img_01652.jpeg,defect
img_01653.jpeg,normal
img_01654.jpeg,defect
img_01655.jpeg,defect
img_01656.jpeg,defect
img_01657.jpeg,defect
img_01658.jpeg,normal
img_01659.jpeg,defect
img_01660.jpeg,normal
img_01661.jpeg,defect
img_01662.jpeg,normal
img_01663.jpeg,normal
img_01664.jpeg,normal
img_01665.jpeg,defect
img_01666.jpeg,normal
img_01667.jpeg,defect
img_01668.jpeg,defect
img_01669.jpeg,defect
img_01670.jpeg,normal
img_01671.jpeg,defect
img_01672.jpeg,normal
img_01673.jpeg,defect
img_01674.jpeg,normal
img_01675.jpeg,normal
img_01676.jpeg,normal
img_01677.jpeg,normal
img_01678.jpeg,normal
img_01679.jpeg,normal
img_01680.jpeg,defect
img_01681.jpeg,normal
img_01682.jpeg,defect
img_01683.jpeg,normal
img_01684.jpeg,normal
img_01685.jpeg,defect
img_01686.jpeg,normal
img_01687.jpeg,normal
img_01688.jpeg,normal
img_01689.jpeg,normal
img_01690.jpeg,defect
img_01691.jpeg,defect
img_01692.jpeg,normal
img_01693.jpeg,normal
img_01694.jpeg,normal
img_01695.jpeg,defect
img_01696.jpeg,normal
img_01697.jpeg,normal
img_01698.jpeg,normal
img_01699.jpeg,defect
img_01700.jpeg,normal
img_01701.jpeg,normal
img_01702.jpeg,defect
img_01703.jpeg,normal
img_01704.jpeg,normal
img_01705.jpeg,normal
img_01706.jpeg,normal
img_01707.jpeg,normal
img_01708.jpeg,normal
img_01709.jpeg,defect
img_01710.jpeg,defect
img_01711.jpeg,defect
img_01712.jpeg,normal
img_01713.jpeg,defect
img_01714.jpeg,normal
img_01715.jpeg,normal
img_01716.jpeg,defect
img_01717.jpeg,defect
img_01718.jpeg,defect
img_01719.jpeg,normal
img_01720.jpeg,normal
img_01721.jpeg,normal
img_01722.jpeg,defect
img_01723.jpeg,normal
img_01724.jpeg,normal
img_01725.jpeg,normal
img_01726.jpeg,defect
img_01727.jpeg,normal
img_01728.jpeg,defect
img_01729.jpeg,defect
img_01730.jpeg,defect
img_01731.jpeg,normal
img_01732.jpeg,defect
img_01733.jpeg,defect
img_01734.jpeg,defect
img_01735.jpeg,normal
img_01736.jpeg,defect
img_01737.jpeg,normal
img_01738.jpeg,normal
img_01739.jpeg,normal
img_01740.jpeg,normal
img_01741.jpeg,defect
img_01742.jpeg,normal
img_01743.jpeg,defect
img_01744.jpeg,normal
img_01745.jpeg,defect
img_01746.jpeg,normal
img_01747.jpeg,normal
img_01748.jpeg,defect
img_01749.jpeg,defect
img_01750.jpeg,defect
img_01751.jpeg,defect
img_01752.jpeg,defect
img_01753.jpeg,normal
img_01754.jpeg,defect
img_01755.jpeg,defect
img_01756.jpeg,defect
img_01757.jpeg,normal
img_01758.jpeg,normal
img_01759.jpeg,defect
img_01760.jpeg,normal
img_01761.jpeg,defect
img_01762.jpeg,normal
img_01763.jpeg,defect
img_01764.jpeg,defect
img_01765.jpeg,normal
img_01766.jpeg,normal
img_01767.jpeg,defect
img_01768.jpeg,defect
img_01769.jpeg,normal
img_01770.jpeg,defect
img_01771.jpeg,normal
img_01772.jpeg,normal
img_01773.jpeg,defect
img_01774.jpeg,normal
img_01775.jpeg,defect
img_01776.jpeg,defect
img_01777.jpeg,normal
img_01778.jpeg,normal
img_01779.jpeg,defect
img_01780.jpeg,normal
img_01781.jpeg,normal
img_01782.jpeg,normal
img_01783.jpeg,normal
img_01784.jpeg,defect
img_01785.jpeg,normal
img_01786.jpeg,defect
img_01787.jpeg,defect
img_01788.jpeg,normal
img_01789.jpeg,defect
img_01790.jpeg,normal
img_01791.jpeg,defect
img_01792.jpeg,defect
img_01793.jpeg,normal
img_01794.jpeg,defect
img_01795.jpeg,normal
img_01796.jpeg,defect
img_01797.jpeg,normal
img_01798.jpeg,defect
img_01799.jpeg,normal
img_01800.jpeg,defect
img_01801.jpeg,defect
img_01802.jpeg,defect
img_01803.jpeg,defect
img_01804.jpeg,defect
img_01805.jpeg,defect
img_01806.jpeg,defect
img_01807.jpeg,normal
img_01808.jpeg,defect
img_01809.jpeg,defect
img_01810.jpeg,defect
img_01811.jpeg,normal
img_01812.jpeg,defect
img_01813.jpeg,defect
img_01814.jpeg,defect
img_01815.jpeg,defect
img_01816.jpeg,normal
img_01817.jpeg,normal
img_01818.jpeg,normal
img_01819.jpeg,normal
img_01820.jpeg,normal
img_01821.jpeg,normal
img_01822.jpeg,defect
img_01823.jpeg,defect
img_01824.jpeg,defect
img_01825.jpeg,defect
img_01826.jpeg,normal
img_01827.jpeg,defect
img_01828.jpeg,defect
img_01829.jpeg,normal
img_01830.jpeg,normal
img_01831.jpeg,normal
img_01832.jpeg,defect
img_01833.jpeg,defect
img_01834.jpeg,defect
img_01835.jpeg,defect
img_01836.jpeg,normal
img_01837.jpeg,normal
img_01838.jpeg,normal
img_01839.jpeg,defect
img_01840.jpeg,defect
img_01841.jpeg,normal
img_01842.jpeg,normal
img_01843.jpeg,defect
img_01844.jpeg,defect
img_01845.jpeg,defect
img_01846.jpeg,defect
img_01847.jpeg,normal
img_01848.jpeg,normal
img_01849.jpeg,normal
img_01850.jpeg,defect
img_01851.jpeg,normal
img_01852.jpeg,normal
img_01853.jpeg,defect
img_01854.jpeg,normal
img_01855.jpeg,normal
img_01856.jpeg,normal
img_01857.jpeg,defect
img_01858.jpeg,defect
img_01859.jpeg,defect
img_01860.jpeg,defect
img_01861.jpeg,defect
img_01862.jpeg,normal
img_01863.jpeg,normal
img_01864.jpeg,normal
img_01865.jpeg,normal
img_01866.jpeg,defect
img_01867.jpeg,normal
img_01868.jpeg,normal
img_01869.jpeg,normal
img_01870.jpeg,normal
img_01871.jpeg,defect
img_01872.jpeg,defect
img_01873.jpeg,defect
img_01874.jpeg,normal
img_01875.jpeg,defect
img_01876.jpeg,normal
img_01877.jpeg,defect
img_01878.jpeg,normal
img_01879.jpeg,normal
img_01880.jpeg,defect
img_01881.jpeg,normal
img_01882.jpeg,defect
img_01883.jpeg,defect
img_01884.jpeg,normal
img_01885.jpeg,normal
img_01886.jpeg,defect
img_01887.jpeg,normal
img_01888.jpeg,normal
img_01889.jpeg,defect
img_01890.jpeg,defect
img_01891.jpeg,defect
img_01892.jpeg,normal
img_01893.jpeg,normal
img_01894.jpeg,defect
img_01895.jpeg,normal
img_01896.jpeg,normal
img_01897.jpeg,normal
img_01898.jpeg,normal
img_01899.jpeg,normal
img_01900.jpeg,defect
img_01901.jpeg,defect
img_01902.jpeg,defect
img_01903.jpeg,normal
img_01904.jpeg,normal
img_01905.jpeg,defect
img_01906.jpeg,defect
img_01907.jpeg,defect
img_01908.jpeg,normal
img_01909.jpeg,normal
img_01910.jpeg,defect
img_01911.jpeg,normal
img_01912.jpeg,defect
img_01913.jpeg,normal
img_01914.jpeg,normal
img_01915.jpeg,normal
img_01916.jpeg,normal
img_01917.jpeg,normal
img_01918.jpeg,normal
img_01919.jpeg,normal
img_01920.jpeg,defect
img_01921.jpeg,defect
img_01922.jpeg,defect
img_01923.jpeg,normal
img_01924.jpeg,defect
img_01925.jpeg,defect
img_01926.jpeg,normal
img_01927.jpeg,defect
img_01928.jpeg,normal
img_01929.jpeg,defect
img_01930.jpeg,normal
img_01931.jpeg,normal
img_01932.jpeg,normal
img_01933.jpeg,normal
img_01934.jpeg,defect
img_01935.jpeg,defect
img_01936.jpeg,normal
img_01937.jpeg,defect
img_01938.jpeg,normal
img_01939.jpeg,defect
img_01940.jpeg,normal
img_01941.jpeg,normal
img_01942.jpeg,normal
img_01943.jpeg,defect
img_01944.jpeg,defect
img_01945.jpeg,defect
img_01946.jpeg,normal
img_01947.jpeg,normal
img_01948.jpeg,normal
img_01949.jpeg,normal
img_01950.jpeg,defect
img_01951.jpeg,normal
img_01952.jpeg,defect
img_01953.jpeg,normal
img_01954.jpeg,defect
img_01955.jpeg,defect
img_01956.jpeg,defect
img_01957.jpeg,normal
img_01958.jpeg,normal
img_01959.jpeg,normal
img_01960.jpeg,normal
img_01961.jpeg,normal
img_01962.jpeg,normal
img_01963.jpeg,normal
img_01964.jpeg,normal
img_01965.jpeg,defect
img_01966.jpeg,defect
img_01967.jpeg,defect
img_01968.jpeg,defect
img_01969.jpeg,normal
img_01970.jpeg,defect
img_01971.jpeg,defect
img_01972.jpeg,normal
img_01973.jpeg,normal
img_01974.jpeg,defect
img_01975.jpeg,defect
img_01976.jpeg,normal
img_01977.jpeg,normal
img_01978.jpeg,defect
img_01979.jpeg,normal
img_01980.jpeg,normal
img_01981.jpeg,normal
img_01982.jpeg,defect
img_01983.jpeg,defect
img_01984.jpeg,defect
img_01985.jpeg,defect
img_01986.jpeg,defect
img_01987.jpeg,defect
img_01988.jpeg,normal
img_01989.jpeg,normal
img_01990.jpeg,normal
img_01991.jpeg,normal
img_01992.jpeg,defect
img_01993.jpeg,normal
img_01994.jpeg,defect
img_01995.jpeg,normal
img_01996.jpeg,normal
img_01997.jpeg,defect
img_01998.jpeg,defect
img_01999.jpeg,defect
img_02000.jpeg,defect
img_02001.jpeg,defect
img_02002.jpeg,defect
img_02003.jpeg,normal
img_02004.jpeg,normal
img_02005.jpeg,normal
img_02006.jpeg,normal
img_02007.jpeg,defect
img_02008.jpeg,normal
img_02009.jpeg,defect
img_02010.jpeg,defect
img_02011.jpeg,defect
img_02012.jpeg,normal
img_02013.jpeg,normal
img_02014.jpeg,defect
img_02015.jpeg,normal
img_02016.jpeg,defect
img_02017.jpeg,normal
img_02018.jpeg,defect
img_02019.jpeg,normal
img_02020.jpeg,normal
img_02021.jpeg,defect
img_02022.jpeg,defect
img_02023.jpeg,normal
img_02024.jpeg,normal
img_02025.jpeg,defect
img_02026.jpeg,defect
img_02027.jpeg,normal
img_02028.jpeg,defect
img_02029.jpeg,defect
img_02030.jpeg,defect
img_02031.jpeg,defect
img_02032.jpeg,normal
img_02033.jpeg,normal
img_02034.jpeg,defect
img_02035.jpeg,normal
img_02036.jpeg,normal
img_02037.jpeg,defect
img_02038.jpeg,normal
img_02039.jpeg,normal
img_02040.jpeg,normal
img_02041.jpeg,normal
img_02042.jpeg,defect
img_02043.jpeg,normal
img_02044.jpeg,defect
img_02045.jpeg,defect
img_02046.jpeg,defect
img_02047.jpeg,normal
img_02048.jpeg,normal
img_02049.jpeg,defect
img_02050.jpeg,normal
img_02051.jpeg,defect
img_02052.jpeg,defect
img_02053.jpeg,normal
img_02054.jpeg,normal
img_02055.jpeg,defect
img_02056.jpeg,defect
img_02057.jpeg,defect
img_02058.jpeg,defect
img_02059.jpeg,normal
img_02060.jpeg,normal
img_02061.jpeg,defect
img_02062.jpeg,normal
img_02063.jpeg,normal
img_02064.jpeg,normal
img_02065.jpeg,normal
img_02066.jpeg,defect
img_02067.jpeg,defect
img_02068.jpeg,defect
img_02069.jpeg,normal
img_02070.jpeg,normal
img_02071.jpeg,normal
img_02072.jpeg,defect
img_02073.jpeg,defect
img_02074.jpeg,normal
img_02075.jpeg,normal
img_02076.jpeg,normal
img_02077.jpeg,normal
img_02078.jpeg,defect
img_02079.jpeg,normal
img_02080.jpeg,defect
img_02081.jpeg,normal
img_02082.jpeg,defect
img_02083.jpeg,normal
img_02084.jpeg,defect
img_02085.jpeg,normal
img_02086.jpeg,normal
img_02087.jpeg,defect
img_02088.jpeg,normal
img_02089.jpeg,normal
img_02090.jpeg,normal
img_02091.jpeg,defect
img_02092.jpeg,defect
img_02093.jpeg,defect
img_02094.jpeg,defect
img_02095.jpeg,normal
img_02096.jpeg,defect
img_02097.jpeg,normal
img_02098.jpeg,defect
img_02099.jpeg,normal
img_02100.jpeg,normal
img_02101.jpeg,defect
img_02102.jpeg,normal
img_02103.jpeg,normal
img_02104.jpeg,defect
img_02105.jpeg,defect
img_02106.jpeg,defect
img_02107.jpeg,defect
img_02108.jpeg,normal
img_02109.jpeg,normal
img_02110.jpeg,defect
img_02111.jpeg,normal
img_02112.jpeg,normal
img_02113.jpeg,normal
img_02114.jpeg,normal
img_02115.jpeg,normal
img_02116.jpeg,normal
img_02117.jpeg,defect
img_02118.jpeg,defect
img_02119.jpeg,defect
img_02120.jpeg,defect
img_02121.jpeg,normal
img_02122.jpeg,normal
img_02123.jpeg,normal
img_02124.jpeg,normal
img_02125.jpeg,defect
img_02126.jpeg,normal
img_02127.jpeg,defect
img_02128.jpeg,normal
img_02129.jpeg,defect
img_02130.jpeg,defect
img_02131.jpeg,defect
img_02132.jpeg,normal
img_02133.jpeg,defect
img_02134.jpeg,normal
img_02135.jpeg,normal
img_02136.jpeg,normal
img_02137.jpeg,normal
img_02138.jpeg,defect
img_02139.jpeg,normal
img_02140.jpeg,normal
img_02141.jpeg,normal
img_02142.jpeg,defect
img_02143.jpeg,normal
img_02144.jpeg,defect
img_02145.jpeg,normal
img_02146.jpeg,defect
img_02147.jpeg,defect
img_02148.jpeg,defect
img_02149.jpeg,defect
img_02150.jpeg,defect
img_02151.jpeg,normal
img_02152.jpeg,defect
img_02153.jpeg,defect
img_02154.jpeg,defect
img_02155.jpeg,normal
img_02156.jpeg,defect
img_02157.jpeg,defect
img_02158.jpeg,defect
img_02159.jpeg,normal
img_02160.jpeg,defect
img_02161.jpeg,normal
img_02162.jpeg,normal
img_02163.jpeg,defect
img_02164.jpeg,normal
img_02165.jpeg,defect
img_02166.jpeg,defect
img_02167.jpeg,normal
img_02168.jpeg,defect
img_02169.jpeg,defect
img_02170.jpeg,normal
img_02171.jpeg,defect
img_02172.jpeg,defect
img_02173.jpeg,defect
img_02174.jpeg,normal
img_02175.jpeg,normal
img_02176.jpeg,normal
img_02177.jpeg,normal
img_02178.jpeg,normal
img_02179.jpeg,normal
img_02180.jpeg,defect
img_02181.jpeg,defect
img_02182.jpeg,normal
img_02183.jpeg,normal
img_02184.jpeg,defect
img_02185.jpeg,defect
img_02186.jpeg,defect
img_02187.jpeg,normal
img_02188.jpeg,normal
img_02189.jpeg,defect
img_02190.jpeg,normal
img_02191.jpeg,defect
img_02192.jpeg,defect
img_02193.jpeg,normal
img_02194.jpeg,defect
img_02195.jpeg,normal
img_02196.jpeg,defect
img_02197.jpeg,normal
img_02198.jpeg,defect
img_02199.jpeg,normal
img_02200.jpeg,defect
img_02201.jpeg,defect
img_02202.jpeg,normal
img_02203.jpeg,defect
img_02204.jpeg,defect
img_02205.jpeg,normal
img_02206.jpeg,normal
img_02207.jpeg,defect
img_02208.jpeg,normal
img_02209.jpeg,defect
img_02210.jpeg,normal
img_02211.jpeg,normal
img_02212.jpeg,normal
img_02213.jpeg,defect
img_02214.jpeg,normal
img_02215.jpeg,normal
img_02216.jpeg,defect
img_02217.jpeg,defect
img_02218.jpeg,normal
img_02219.jpeg,normal
img_02220.jpeg,normal
img_02221.jpeg,defect
img_02222.jpeg,normal
img_02223.jpeg,defect
img_02224.jpeg,defect
img_02225.jpeg,normal
img_02226.jpeg,normal
img_02227.jpeg,defect
img_02228.jpeg,defect
img_02229.jpeg,defect
img_02230.jpeg,defect
img_02231.jpeg,defect
img_02232.jpeg,defect
img_02233.jpeg,normal
img_02234.jpeg,normal
img_02235.jpeg,defect
img_02236.jpeg,defect
img_02237.jpeg,defect
img_02238.jpeg,normal
img_02239.jpeg,normal
img_02240.jpeg,defect
img_02241.jpeg,defect
img_02242.jpeg,defect
img_02243.jpeg,normal
img_02244.jpeg,defect
img_02245.jpeg,defect
img_02246.jpeg,defect
img_02247.jpeg,normal
img_02248.jpeg,normal
img_02249.jpeg,defect
img_02250.jpeg,defect
img_02251.jpeg,defect
img_02252.jpeg,defect
img_02253.jpeg,normal
img_02254.jpeg,defect
img_02255.jpeg,defect
img_02256.jpeg,normal
img_02257.jpeg,normal
img_02258.jpeg,normal
img_02259.jpeg,defect
img_02260.jpeg,normal
img_02261.jpeg,normal
img_02262.jpeg,normal
img_02263.jpeg,normal
img_02264.jpeg,normal
img_02265.jpeg,defect
img_02266.jpeg,normal
img_02267.jpeg,defect
img_02268.jpeg,normal
img_02269.jpeg,normal
img_02270.jpeg,defect
img_02271.jpeg,defect
img_02272.jpeg,defect
img_02273.jpeg,defect
img_02274.jpeg,defect
img_02275.jpeg,defect
img_02276.jpeg,normal
img_02277.jpeg,normal
img_02278.jpeg,defect
img_02279.jpeg,normal
img_02280.jpeg,defect
img_02281.jpeg,normal
img_02282.jpeg,normal
img_02283.jpeg,normal
img_02284.jpeg,normal
img_02285.jpeg,defect
img_02286.jpeg,defect
img_02287.jpeg,defect
img_02288.jpeg,defect
img_02289.jpeg,defect
img_02290.jpeg,defect
img_02291.jpeg,normal
img_02292.jpeg,defect
img_02293.jpeg,normal
img_02294.jpeg,defect
img_02295.jpeg,normal
img_02296.jpeg,normal
img_02297.jpeg,normal
img_02298.jpeg,normal
img_02299.jpeg,normal
img_02300.jpeg,defect
img_02301.jpeg,defect
img_02302.jpeg,normal
img_02303.jpeg,normal
img_02304.jpeg,normal
img_02305.jpeg,defect
img_02306.jpeg,defect
img_02307.jpeg,normal
img_02308.jpeg,normal
img_02309.jpeg,defect
img_02310.jpeg,defect
img_02311.jpeg,defect
img_02312.jpeg,defect
img_02313.jpeg,normal
img_02314.jpeg,normal
img_02315.jpeg,normal
img_02316.jpeg,normal
img_02317.jpeg,defect
img_02318.jpeg,defect
img_02319.jpeg,defect
img_02320.jpeg,normal
img_02321.jpeg,normal
img_02322.jpeg,normal
img_02323.jpeg,normal
img_02324.jpeg,defect
img_02325.jpeg,defect
img_02326.jpeg,defect
img_02327.jpeg,defect
img_02328.jpeg,normal
img_02329.jpeg,defect
img_02330.jpeg,defect
img_02331.jpeg,defect
img_02332.jpeg,defect
img_02333.jpeg,defect
img_02334.jpeg,defect
img_02335.jpeg,normal
img_02336.jpeg,normal
img_02337.jpeg,defect
img_02338.jpeg,defect
img_02339.jpeg,normal
img_02340.jpeg,normal
img_02341.jpeg,normal
img_02342.jpeg,normal
img_02343.jpeg,normal
img_02344.jpeg,defect
img_02345.jpeg,defect
img_02346.jpeg,defect
img_02347.jpeg,normal
img_02348.jpeg,defect
img_02349.jpeg,defect
img_02350.jpeg,defect
img_02351.jpeg,defect
img_02352.jpeg,defect
img_02353.jpeg,defect
img_02354.jpeg,defect
img_02355.jpeg,normal
img_02356.jpeg,defect
img_02357.jpeg,normal
img_02358.jpeg,defect
img_02359.jpeg,defect
img_02360.jpeg,defect
img_02361.jpeg,defect
img_02362.jpeg,normal
img_02363.jpeg,defect
img_02364.jpeg,normal
img_02365.jpeg,defect
img_02366.jpeg,normal
img_02367.jpeg,defect
img_02368.jpeg,normal
img_02369.jpeg,normal
img_02370.jpeg,defect
img_02371.jpeg,defect
img_02372.jpeg,normal
img_02373.jpeg,normal
img_02374.jpeg,defect
img_02375.jpeg,normal
img_02376.jpeg,defect
img_02377.jpeg,normal
img_02378.jpeg,defect
img_02379.jpeg,defect
img_02380.jpeg,normal
img_02381.jpeg,normal
img_02382.jpeg,defect
img_02383.jpeg,normal
img_02384.jpeg,defect
img_02385.jpeg,defect
img_02386.jpeg,normal
img_02387.jpeg,normal
img_02388.jpeg,defect
img_02389.jpeg,defect
img_02390.jpeg,defect
img_02391.jpeg,normal
img_02392.jpeg,normal
img_02393.jpeg,normal
img_02394.jpeg,defect
img_02395.jpeg,normal
img_02396.jpeg,defect
img_02397.jpeg,normal
img_02398.jpeg,normal
img_02399.jpeg,normal
img_02400.jpeg,defect
img_02401.jpeg,normal
img_02402.jpeg,defect
img_02403.jpeg,defect
img_02404.jpeg,defect
img_02405.jpeg,defect
img_02406.jpeg,defect
img_02407.jpeg,defect
img_02408.jpeg,defect
img_02409.jpeg,normal
img_02410.jpeg,defect
img_02411.jpeg,normal
img_02412.jpeg,defect
img_02413.jpeg,normal
img_02414.jpeg,normal
img_02415.jpeg,defect
img_02416.jpeg,normal
img_02417.jpeg,defect
img_02418.jpeg,defect
img_02419.jpeg,defect
img_02420.jpeg,normal
img_02421.jpeg,defect
img_02422.jpeg,defect
img_02423.jpeg,defect
img_02424.jpeg,normal
img_02425.jpeg,defect
img_02426.jpeg,defect
img_02427.jpeg,defect
img_02428.jpeg,normal
img_02429.jpeg,defect
img_02430.jpeg,defect
img_02431.jpeg,normal
img_02432.jpeg,defect
img_02433.jpeg,defect
img_02434.jpeg,defect
img_02435.jpeg,defect
img_02436.jpeg,normal
img_02437.jpeg,defect
img_02438.jpeg,defect
img_02439.jpeg,defect
img_02440.jpeg,defect
img_02441.jpeg,defect
img_02442.jpeg,defect
img_02443.jpeg,defect
img_02444.jpeg,defect
img_02445.jpeg,defect
img_02446.jpeg,normal
img_02447.jpeg,defect
img_02448.jpeg,defect
img_02449.jpeg,defect
img_02450.jpeg,defect
img_02451.jpeg,normal
img_02452.jpeg,defect
img_02453.jpeg,normal
img_02454.jpeg,normal
img_02455.jpeg,defect
img_02456.jpeg,normal
img_02457.jpeg,normal
img_02458.jpeg,normal
img_02459.jpeg,normal
img_02460.jpeg,defect
img_02461.jpeg,normal
img_02462.jpeg,defect
img_02463.jpeg,defect
img_02464.jpeg,normal
img_02465.jpeg,defect
img_02466.jpeg,normal
img_02467.jpeg,defect
img_02468.jpeg,normal
img_02469.jpeg,defect
img_02470.jpeg,defect
img_02471.jpeg,normal
img_02472.jpeg,defect
img_02473.jpeg,normal
img_02474.jpeg,normal
img_02475.jpeg,defect
img_02476.jpeg,defect
img_02477.jpeg,defect
img_02478.jpeg,defect
img_02479.jpeg,defect
img_02480.jpeg,defect
img_02481.jpeg,defect
img_02482.jpeg,defect
img_02483.jpeg,defect
img_02484.jpeg,defect
img_02485.jpeg,defect
img_02486.jpeg,normal
img_02487.jpeg,defect
img_02488.jpeg,normal
img_02489.jpeg,defect
img_02490.jpeg,normal
img_02491.jpeg,defect
img_02492.jpeg,normal
img_02493.jpeg,defect
img_02494.jpeg,normal
img_02495.jpeg,defect
img_02496.jpeg,normal
img_02497.jpeg,defect
img_02498.jpeg,normal
img_02499.jpeg,normal
img_02500.jpeg,normal
img_02501.jpeg,defect
img_02502.jpeg,defect
img_02503.jpeg,defect
img_02504.jpeg,normal
img_02505.jpeg,normal
img_02506.jpeg,normal
img_02507.jpeg,defect
img_02508.jpeg,normal
img_02509.jpeg,defect
img_02510.jpeg,normal
img_02511.jpeg,defect
img_02512.jpeg,normal
img_02513.jpeg,defect
img_02514.jpeg,normal
img_02515.jpeg,defect
img_02516.jpeg,defect
img_02517.jpeg,defect
img_02518.jpeg,defect
img_02519.jpeg,normal
img_02520.jpeg,normal
img_02521.jpeg,defect
img_02522.jpeg,defect
img_02523.jpeg,normal
img_02524.jpeg,normal
img_02525.jpeg,normal
img_02526.jpeg,normal
img_02527.jpeg,defect
img_02528.jpeg,defect
img_02529.jpeg,defect
img_02530.jpeg,defect
img_02531.jpeg,normal
img_02532.jpeg,defect
img_02533.jpeg,defect
img_02534.jpeg,defect
img_02535.jpeg,normal
img_02536.jpeg,normal
img_02537.jpeg,defect
img_02538.jpeg,defect
img_02539.jpeg,normal
img_02540.jpeg,defect
img_02541.jpeg,normal
img_02542.jpeg,defect
img_02543.jpeg,defect
img_02544.jpeg,normal
img_02545.jpeg,normal
img_02546.jpeg,normal
img_02547.jpeg,defect
img_02548.jpeg,defect
img_02549.jpeg,defect
img_02550.jpeg,normal
img_02551.jpeg,defect
img_02552.jpeg,defect
img_02553.jpeg,normal
img_02554.jpeg,normal
img_02555.jpeg,defect
img_02556.jpeg,defect
img_02557.jpeg,defect
img_02558.jpeg,defect
img_02559.jpeg,normal
img_02560.jpeg,defect
img_02561.jpeg,normal
img_02562.jpeg,normal
img_02563.jpeg,normal
img_02564.jpeg,normal
img_02565.jpeg,normal
img_02566.jpeg,defect
img_02567.jpeg,normal
img_02568.jpeg,defect
img_02569.jpeg,normal
img_02570.jpeg,defect
img_02571.jpeg,defect
img_02572.jpeg,defect
img_02573.jpeg,defect
img_02574.jpeg,defect
img_02575.jpeg,normal
img_02576.jpeg,defect
img_02577.jpeg,normal
img_02578.jpeg,defect
img_02579.jpeg,normal
img_02580.jpeg,normal
img_02581.jpeg,defect
img_02582.jpeg,normal
img_02583.jpeg,defect
img_02584.jpeg,defect
img_02585.jpeg,normal
img_02586.jpeg,defect
img_02587.jpeg,defect
img_02588.jpeg,defect
img_02589.jpeg,defect
img_02590.jpeg,normal
img_02591.jpeg,normal
img_02592.jpeg,defect
img_02593.jpeg,normal
img_02594.jpeg,defect
img_02595.jpeg,defect
img_02596.jpeg,defect
img_02597.jpeg,defect
img_02598.jpeg,normal
img_02599.jpeg,normal
img_02600.jpeg,normal
img_02601.jpeg,normal
img_02602.jpeg,defect
img_02603.jpeg,normal
img_02604.jpeg,defect
img_02605.jpeg,defect
img_02606.jpeg,normal
img_02607.jpeg,defect
img_02608.jpeg,normal
img_02609.jpeg,normal
img_02610.jpeg,defect
img_02611.jpeg,normal
img_02612.jpeg,defect
img_02613.jpeg,defect
img_02614.jpeg,defect
img_02615.jpeg,defect
img_02616.jpeg,defect
img_02617.jpeg,normal
img_02618.jpeg,defect
img_02619.jpeg,normal
img_02620.jpeg,defect
img_02621.jpeg,normal
img_02622.jpeg,normal
img_02623.jpeg,defect
img_02624.jpeg,defect
img_02625.jpeg,defect
img_02626.jpeg,defect
img_02627.jpeg,normal
img_02628.jpeg,defect
img_02629.jpeg,normal
img_02630.jpeg,defect
img_02631.jpeg,normal
img_02632.jpeg,normal
img_02633.jpeg,defect
img_02634.jpeg,defect
img_02635.jpeg,defect
img_02636.jpeg,normal
img_02637.jpeg,defect
img_02638.jpeg,normal
img_02639.jpeg,normal
img_02640.jpeg,defect
img_02641.jpeg,defect
img_02642.jpeg,normal
img_02643.jpeg,normal
img_02644.jpeg,normal
img_02645.jpeg,normal
img_02646.jpeg,normal
img_02647.jpeg,defect
img_02648.jpeg,defect
img_02649.jpeg,defect
img_02650.jpeg,normal
img_02651.jpeg,normal
img_02652.jpeg,normal
img_02653.jpeg,defect
img_02654.jpeg,normal
img_02655.jpeg,defect
img_02656.jpeg,defect
img_02657.jpeg,normal
img_02658.jpeg,normal
img_02659.jpeg,defect
img_02660.jpeg,normal
img_02661.jpeg,normal
img_02662.jpeg,normal
img_02663.jpeg,normal
img_02664.jpeg,normal
img_02665.jpeg,defect
img_02666.jpeg,normal
img_02667.jpeg,defect
img_02668.jpeg,normal
img_02669.jpeg,defect
img_02670.jpeg,defect
img_02671.jpeg,normal
img_02672.jpeg,normal
img_02673.jpeg,normal
img_02674.jpeg,normal
img_02675.jpeg,normal
img_02676.jpeg,normal
img_02677.jpeg,normal
img_02678.jpeg,normal
img_02679.jpeg,defect
img_02680.jpeg,defect
img_02681.jpeg,defect
img_02682.jpeg,defect
img_02683.jpeg,normal
img_02684.jpeg,normal
img_02685.jpeg,defect
img_02686.jpeg,defect
img_02687.jpeg,normal
img_02688.jpeg,defect
img_02689.jpeg,normal
img_02690.jpeg,normal
img_02691.jpeg,defect
img_02692.jpeg,normal
img_02693.jpeg,normal
img_02694.jpeg,normal
img_02695.jpeg,normal
img_02696.jpeg,normal
img_02697.jpeg,normal
img_02698.jpeg,normal
img_02699.jpeg,defect
img_02700.jpeg,normal
img_02701.jpeg,normal
img_02702.jpeg,defect
img_02703.jpeg,normal
img_02704.jpeg,defect
img_02705.jpeg,normal
img_02706.jpeg,normal
img_02707.jpeg,defect
img_02708.jpeg,defect
img_02709.jpeg,defect
img_02710.jpeg,normal
img_02711.jpeg,defect
img_02712.jpeg,normal
img_02713.jpeg,defect
img_02714.jpeg,normal
img_02715.jpeg,defect
img_02716.jpeg,defect
img_02717.jpeg,normal
img_02718.jpeg,normal
img_02719.jpeg,normal
img_02720.jpeg,defect
img_02721.jpeg,normal
img_02722.jpeg,normal
img_02723.jpeg,normal
img_02724.jpeg,normal
img_02725.jpeg,normal
img_02726.jpeg,defect
img_02727.jpeg,normal
img_02728.jpeg,normal
img_02729.jpeg,defect
img_02730.jpeg,normal
img_02731.jpeg,normal
img_02732.jpeg,defect
img_02733.jpeg,defect
img_02734.jpeg,normal
img_02735.jpeg,normal
img_02736.jpeg,normal
img_02737.jpeg,normal
img_02738.jpeg,normal
img_02739.jpeg,defect
img_02740.jpeg,normal
img_02741.jpeg,normal
img_02742.jpeg,defect
img_02743.jpeg,normal
img_02744.jpeg,normal
img_02745.jpeg,defect
img_02746.jpeg,defect
img_02747.jpeg,normal
img_02748.jpeg,defect
img_02749.jpeg,normal
img_02750.jpeg,defect
img_02751.jpeg,normal
img_02752.jpeg,normal
img_02753.jpeg,defect
img_02754.jpeg,defect
img_02755.jpeg,defect
img_02756.jpeg,defect
img_02757.jpeg,defect
img_02758.jpeg,normal
img_02759.jpeg,defect
img_02760.jpeg,normal
img_02761.jpeg,normal
img_02762.jpeg,defect
img_02763.jpeg,normal
img_02764.jpeg,defect
img_02765.jpeg,normal
img_02766.jpeg,normal
img_02767.jpeg,normal
img_02768.jpeg,defect
img_02769.jpeg,normal
img_02770.jpeg,normal
img_02771.jpeg,normal
img_02772.jpeg,normal
img_02773.jpeg,defect
img_02774.jpeg,normal
img_02775.jpeg,defect
img_02776.jpeg,defect
img_02777.jpeg,defect
img_02778.jpeg,defect
img_02779.jpeg,normal
img_02780.jpeg,normal
img_02781.jpeg,defect
img_02782.jpeg,normal
img_02783.jpeg,normal
img_02784.jpeg,normal
img_02785.jpeg,normal
img_02786.jpeg,normal
img_02787.jpeg,defect
img_02788.jpeg,normal
img_02789.jpeg,defect
img_02790.jpeg,normal
img_02791.jpeg,normal
img_02792.jpeg,defect
img_02793.jpeg,normal
img_02794.jpeg,defect
img_02795.jpeg,normal
img_02796.jpeg,defect
img_02797.jpeg,defect
img_02798.jpeg,defect
img_02799.jpeg,normal
img_02800.jpeg,defect
img_02801.jpeg,normal
img_02802.jpeg,normal
img_02803.jpeg,normal
img_02804.jpeg,defect
img_02805.jpeg,normal
img_02806.jpeg,normal
img_02807.jpeg,normal
img_02808.jpeg,defect
img_02809.jpeg,defect
img_02810.jpeg,defect
img_02811.jpeg,normal
img_02812.jpeg,normal
img_02813.jpeg,defect
img_02814.jpeg,defect
img_02815.jpeg,normal
img_02816.jpeg,normal
img_02817.jpeg,normal
img_02818.jpeg,normal
img_02819.jpeg,normal
img_02820.jpeg,normal
img_02821.jpeg,normal
img_02822.jpeg,defect
img_02823.jpeg,defect
img_02824.jpeg,normal
img_02825.jpeg,defect
img_02826.jpeg,defect
img_02827.jpeg,defect
img_02828.jpeg,defect
img_02829.jpeg,defect
img_02830.jpeg,defect
img_02831.jpeg,normal
img_02832.jpeg,normal
img_02833.jpeg,normal
img_02834.jpeg,normal
img_02835.jpeg,normal
img_02836.jpeg,defect
img_02837.jpeg,defect
img_02838.jpeg,defect
img_02839.jpeg,defect
img_02840.jpeg,normal
img_02841.jpeg,normal
img_02842.jpeg,defect
img_02843.jpeg,defect
img_02844.jpeg,defect
img_02845.jpeg,normal
img_02846.jpeg,defect
img_02847.jpeg,normal
img_02848.jpeg,defect
img_02849.jpeg,defect
img_02850.jpeg,normal
img_02851.jpeg,normal
img_02852.jpeg,normal
img_02853.jpeg,normal
img_02854.jpeg,normal
img_02855.jpeg,defect
img_02856.jpeg,normal
img_02857.jpeg,normal
img_02858.jpeg,defect
img_02859.jpeg,defect
img_02860.jpeg,defect
img_02861.jpeg,defect
img_02862.jpeg,defect
img_02863.jpeg,normal
img_02864.jpeg,defect
img_02865.jpeg,normal
img_02866.jpeg,defect
img_02867.jpeg,normal
img_02868.jpeg,defect
img_02869.jpeg,defect
img_02870.jpeg,normal
img_02871.jpeg,defect
img_02872.jpeg,normal
img_02873.jpeg,normal
img_02874.jpeg,defect
img_02875.jpeg,normal
img_02876.jpeg,defect
img_02877.jpeg,normal
img_02878.jpeg,defect
img_02879.jpeg,normal
img_02880.jpeg,defect
img_02881.jpeg,normal
img_02882.jpeg,normal
img_02883.jpeg,normal
img_02884.jpeg,normal
img_02885.jpeg,normal
img_02886.jpeg,defect
img_02887.jpeg,normal
img_02888.jpeg,normal
img_02889.jpeg,defect
img_02890.jpeg,normal
img_02891.jpeg,normal
img_02892.jpeg,defect
img_02893.jpeg,normal
img_02894.jpeg,defect
img_02895.jpeg,normal
img_02896.jpeg,defect
img_02897.jpeg,normal
img_02898.jpeg,defect
img_02899.jpeg,defect
img_02900.jpeg,normal
img_02901.jpeg,normal
img_02902.jpeg,defect
img_02903.jpeg,defect
img_02904.jpeg,normal
img_02905.jpeg,defect
img_02906.jpeg,normal
img_02907.jpeg,normal
img_02908.jpeg,normal
img_02909.jpeg,normal
img_02910.jpeg,defect
img_02911.jpeg,normal
img_02912.jpeg,normal
img_02913.jpeg,normal
img_02914.jpeg,defect
img_02915.jpeg,defect
img_02916.jpeg,normal
img_02917.jpeg,defect
img_02918.jpeg,normal
img_02919.jpeg,defect
img_02920.jpeg,defect
img_02921.jpeg,normal
img_02922.jpeg,normal
img_02923.jpeg,defect
img_02924.jpeg,normal
img_02925.jpeg,defect
img_02926.jpeg,normal
img_02927.jpeg,normal
img_02928.jpeg,normal
img_02929.jpeg,normal
img_02930.jpeg,normal
img_02931.jpeg,defect
img_02932.jpeg,normal
img_02933.jpeg,normal
img_02934.jpeg,normal
img_02935.jpeg,normal
img_02936.jpeg,normal
img_02937.jpeg,normal
img_02938.jpeg,normal
img_02939.jpeg,defect
img_02940.jpeg,normal
img_02941.jpeg,normal
img_02942.jpeg,normal
img_02943.jpeg,normal
img_02944.jpeg,normal
img_02945.jpeg,defect
img_02946.jpeg,defect
img_02947.jpeg,normal
img_02948.jpeg,defect
img_02949.jpeg,normal
img_02950.jpeg,defect
img_02951.jpeg,defect
img_02952.jpeg,defect
img_02953.jpeg,normal
img_02954.jpeg,defect
img_02955.jpeg,normal
img_02956.jpeg,defect
img_02957.jpeg,normal
img_02958.jpeg,normal
img_02959.jpeg,defect
img_02960.jpeg,defect
img_02961.jpeg,defect
img_02962.jpeg,defect
img_02963.jpeg,normal
img_02964.jpeg,normal
img_02965.jpeg,defect
img_02966.jpeg,defect
img_02967.jpeg,normal
img_02968.jpeg,normal
img_02969.jpeg,defect
img_02970.jpeg,normal
img_02971.jpeg,normal
img_02972.jpeg,normal
img_02973.jpeg,defect
img_02974.jpeg,defect
img_02975.jpeg,defect
img_02976.jpeg,normal
img_02977.jpeg,defect
img_02978.jpeg,normal
img_02979.jpeg,normal
img_02980.jpeg,normal
img_02981.jpeg,defect
img_02982.jpeg,normal
img_02983.jpeg,defect
img_02984.jpeg,defect
img_02985.jpeg,defect
img_02986.jpeg,defect
img_02987.jpeg,defect
img_02988.jpeg,normal
img_02989.jpeg,normal
img_02990.jpeg,normal
img_02991.jpeg,normal
img_02992.jpeg,defect
img_02993.jpeg,normal
img_02994.jpeg,defect
img_02995.jpeg,normal
img_02996.jpeg,normal
img_02997.jpeg,defect
img_02998.jpeg,normal
img_02999.jpeg,normal
img_03000.jpeg,defect
img_03001.jpeg,defect
img_03002.jpeg,defect
img_03003.jpeg,normal
img_03004.jpeg,normal
img_03005.jpeg,defect
img_03006.jpeg,normal
img_03007.jpeg,normal
img_03008.jpeg,defect
img_03009.jpeg,defect
img_03010.jpeg,defect
img_03011.jpeg,defect
img_03012.jpeg,defect
img_03013.jpeg,normal
img_03014.jpeg,normal
img_03015.jpeg,defect
img_03016.jpeg,normal
img_03017.jpeg,defect
img_03018.jpeg,defect
img_03019.jpeg,defect
img_03020.jpeg,normal
img_03021.jpeg,defect
img_03022.jpeg,defect
img_03023.jpeg,normal
img_03024.jpeg,normal
img_03025.jpeg,normal
img_03026.jpeg,defect
img_03027.jpeg,defect
img_03028.jpeg,normal
img_03029.jpeg,normal
img_03030.jpeg,defect
img_03031.jpeg,defect
img_03032.jpeg,normal
img_03033.jpeg,defect
img_03034.jpeg,defect
img_03035.jpeg,normal
img_03036.jpeg,normal
img_03037.jpeg,defect
img_03038.jpeg,defect
img_03039.jpeg,defect
img_03040.jpeg,normal
img_03041.jpeg,defect
img_03042.jpeg,normal
img_03043.jpeg,defect
img_03044.jpeg,defect
img_03045.jpeg,normal
img_03046.jpeg,defect
img_03047.jpeg,defect
img_03048.jpeg,defect
img_03049.jpeg,normal
img_03050.jpeg,defect
img_03051.jpeg,defect
img_03052.jpeg,defect
img_03053.jpeg,normal
img_03054.jpeg,normal
img_03055.jpeg,defect
img_03056.jpeg,defect
img_03057.jpeg,normal
img_03058.jpeg,normal
img_03059.jpeg,defect
img_03060.jpeg,defect
img_03061.jpeg,normal
img_03062.jpeg,normal
img_03063.jpeg,defect
img_03064.jpeg,normal
img_03065.jpeg,normal
img_03066.jpeg,defect
img_03067.jpeg,defect
img_03068.jpeg,defect
img_03069.jpeg,normal
img_03070.jpeg,normal
img_03071.jpeg,defect
img_03072.jpeg,defect
img_03073.jpeg,normal
img_03074.jpeg,defect
img_03075.jpeg,normal
img_03076.jpeg,normal
img_03077.jpeg,defect
img_03078.jpeg,defect
img_03079.jpeg,defect
img_03080.jpeg,normal
img_03081.jpeg,defect
img_03082.jpeg,defect
img_03083.jpeg,normal
img_03084.jpeg,defect
img_03085.jpeg,normal
img_03086.jpeg,defect
img_03087.jpeg,normal
img_03088.jpeg,defect
img_03089.jpeg,defect
img_03090.jpeg,normal
img_03091.jpeg,normal
img_03092.jpeg,defect
img_03093.jpeg,normal
img_03094.jpeg,defect
img_03095.jpeg,normal
img_03096.jpeg,normal
img_03097.jpeg,defect
img_03098.jpeg,normal
img_03099.jpeg,defect
img_03100.jpeg,defect
img_03101.jpeg,defect
img_03102.jpeg,defect
img_03103.jpeg,defect
img_03104.jpeg,defect
img_03105.jpeg,normal
img_03106.jpeg,normal
img_03107.jpeg,defect
img_03108.jpeg,defect
img_03109.jpeg,defect
img_03110.jpeg,normal
img_03111.jpeg,normal
img_03112.jpeg,normal
img_03113.jpeg,normal
img_03114.jpeg,defect
img_03115.jpeg,defect
img_03116.jpeg,normal
img_03117.jpeg,normal
img_03118.jpeg,defect
img_03119.jpeg,normal
img_03120.jpeg,defect
img_03121.jpeg,normal
img_03122.jpeg,defect
img_03123.jpeg,normal
img_03124.jpeg,defect
img_03125.jpeg,defect
img_03126.jpeg,defect
img_03127.jpeg,normal
img_03128.jpeg,normal
img_03129.jpeg,defect
img_03130.jpeg,defect
img_03131.jpeg,defect
img_03132.jpeg,normal
img_03133.jpeg,normal
img_03134.jpeg,defect
img_03135.jpeg,defect
img_03136.jpeg,normal
img_03137.jpeg,defect
img_03138.jpeg,normal
img_03139.jpeg,normal
img_03140.jpeg,defect
img_03141.jpeg,normal
img_03142.jpeg,normal
img_03143.jpeg,normal
img_03144.jpeg,normal
img_03145.jpeg,normal
img_03146.jpeg,defect
img_03147.jpeg,defect
img_03148.jpeg,defect
img_03149.jpeg,defect
img_03150.jpeg,defect
img_03151.jpeg,normal
img_03152.jpeg,normal
img_03153.jpeg,defect
img_03154.jpeg,normal
img_03155.jpeg,defect
img_03156.jpeg,defect
img_03157.jpeg,defect
img_03158.jpeg,defect
img_03159.jpeg,defect
img_03160.jpeg,defect
img_03161.jpeg,defect
img_03162.jpeg,defect
img_03163.jpeg,normal
img_03164.jpeg,defect
img_03165.jpeg,defect
img_03166.jpeg,defect
img_03167.jpeg,defect
img_03168.jpeg,defect
img_03169.jpeg,normal
img_03170.jpeg,defect
img_03171.jpeg,defect
img_03172.jpeg,defect
img_03173.jpeg,defect
img_03174.jpeg,defect
img_03175.jpeg,normal
img_03176.jpeg,defect
img_03177.jpeg,defect
img_03178.jpeg,defect
img_03179.jpeg,defect
img_03180.jpeg,normal
img_03181.jpeg,defect
img_03182.jpeg,defect
img_03183.jpeg,defect
img_03184.jpeg,normal
img_03185.jpeg,normal
img_03186.jpeg,normal
img_03187.jpeg,normal
img_03188.jpeg,normal
img_03189.jpeg,normal
img_03190.jpeg,normal
img_03191.jpeg,normal
img_03192.jpeg,normal
img_03193.jpeg,defect
img_03194.jpeg,defect
img_03195.jpeg,normal
img_03196.jpeg,defect
img_03197.jpeg,normal
img_03198.jpeg,normal
img_03199.jpeg,defect
img_03200.jpeg,defect
img_03201.jpeg,defect
img_03202.jpeg,normal
img_03203.jpeg,normal
img_03204.jpeg,normal
img_03205.jpeg,defect
img_03206.jpeg,defect
img_03207.jpeg,defect
img_03208.jpeg,defect
img_03209.jpeg,defect
img_03210.jpeg,defect
img_03211.jpeg,defect
img_03212.jpeg,defect
img_03213.jpeg,normal
img_03214.jpeg,normal
img_03215.jpeg,normal
img_03216.jpeg,normal
img_03217.jpeg,defect
img_03218.jpeg,normal
img_03219.jpeg,defect
img_03220.jpeg,defect
img_03221.jpeg,normal
img_03222.jpeg,normal
img_03223.jpeg,normal
img_03224.jpeg,defect
img_03225.jpeg,normal
img_03226.jpeg,normal
img_03227.jpeg,normal
img_03228.jpeg,defect
img_03229.jpeg,defect
img_03230.jpeg,defect
img_03231.jpeg,defect
img_03232.jpeg,normal
img_03233.jpeg,defect
img_03234.jpeg,defect
img_03235.jpeg,defect
img_03236.jpeg,normal
img_03237.jpeg,defect
img_03238.jpeg,defect
img_03239.jpeg,normal
img_03240.jpeg,defect
img_03241.jpeg,normal
img_03242.jpeg,normal
img_03243.jpeg,defect
img_03244.jpeg,normal
img_03245.jpeg,normal
img_03246.jpeg,defect
img_03247.jpeg,normal
img_03248.jpeg,normal
img_03249.jpeg,defect
img_03250.jpeg,normal
img_03251.jpeg,defect
img_03252.jpeg,defect
img_03253.jpeg,defect
img_03254.jpeg,defect
img_03255.jpeg,defect
img_03256.jpeg,defect
img_03257.jpeg,defect
img_03258.jpeg,defect
img_03259.jpeg,defect
img_03260.jpeg,defect
img_03261.jpeg,defect
img_03262.jpeg,normal
img_03263.jpeg,defect
img_03264.jpeg,normal
img_03265.jpeg,defect
img_03266.jpeg,defect
img_03267.jpeg,defect
img_03268.jpeg,normal
img_03269.jpeg,defect
img_03270.jpeg,defect
img_03271.jpeg,defect
img_03272.jpeg,defect
img_03273.jpeg,defect
img_03274.jpeg,defect
img_03275.jpeg,normal
img_03276.jpeg,defect
img_03277.jpeg,defect
img_03278.jpeg,defect
img_03279.jpeg,normal
img_03280.jpeg,normal
img_03281.jpeg,normal
img_03282.jpeg,normal
img_03283.jpeg,defect
img_03284.jpeg,defect
img_03285.jpeg,defect
img_03286.jpeg,normal
img_03287.jpeg,normal
img_03288.jpeg,normal
img_03289.jpeg,normal
img_03290.jpeg,normal
img_03291.jpeg,normal
img_03292.jpeg,defect
img_03293.jpeg,defect
img_03294.jpeg,defect
img_03295.jpeg,normal
img_03296.jpeg,normal
img_03297.jpeg,normal
img_03298.jpeg,defect
img_03299.jpeg,normal
img_03300.jpeg,normal
img_03301.jpeg,defect
img_03302.jpeg,defect
img_03303.jpeg,defect
img_03304.jpeg,normal
img_03305.jpeg,defect
img_03306.jpeg,defect
img_03307.jpeg,defect
img_03308.jpeg,normal
img_03309.jpeg,normal
img_03310.jpeg,normal
img_03311.jpeg,normal
img_03312.jpeg,defect
img_03313.jpeg,defect
img_03314.jpeg,defect
img_03315.jpeg,normal
img_03316.jpeg,normal
img_03317.jpeg,normal
img_03318.jpeg,defect
img_03319.jpeg,normal
img_03320.jpeg,defect
img_03321.jpeg,defect
img_03322.jpeg,defect
img_03323.jpeg,defect
img_03324.jpeg,defect
img_03325.jpeg,normal
img_03326.jpeg,defect
img_03327.jpeg,normal
img_03328.jpeg,defect
img_03329.jpeg,defect
img_03330.jpeg,defect
img_03331.jpeg,defect
img_03332.jpeg,normal
img_03333.jpeg,defect
img_03334.jpeg,normal
img_03335.jpeg,defect
img_03336.jpeg,normal
img_03337.jpeg,defect
img_03338.jpeg,defect
img_03339.jpeg,normal
img_03340.jpeg,defect
img_03341.jpeg,defect
img_03342.jpeg,defect
img_03343.jpeg,defect
img_03344.jpeg,normal
img_03345.jpeg,defect
img_03346.jpeg,normal
img_03347.jpeg,defect
img_03348.jpeg,defect
img_03349.jpeg,normal
img_03350.jpeg,normal
img_03351.jpeg,normal
img_03352.jpeg,normal
img_03353.jpeg,defect
img_03354.jpeg,defect
img_03355.jpeg,normal
img_03356.jpeg,defect
img_03357.jpeg,normal
img_03358.jpeg,defect
img_03359.jpeg,normal
img_03360.jpeg,normal
img_03361.jpeg,defect
img_03362.jpeg,normal
img_03363.jpeg,defect
img_03364.jpeg,defect
img_03365.jpeg,defect
img_03366.jpeg,defect
img_03367.jpeg,defect
img_03368.jpeg,defect
img_03369.jpeg,defect
img_03370.jpeg,normal
img_03371.jpeg,defect
img_03372.jpeg,defect
img_03373.jpeg,defect
img_03374.jpeg,normal
img_03375.jpeg,normal
img_03376.jpeg,defect
img_03377.jpeg,defect
img_03378.jpeg,normal
img_03379.jpeg,normal
img_03380.jpeg,normal
img_03381.jpeg,normal
img_03382.jpeg,defect
img_03383.jpeg,defect
img_03384.jpeg,normal
img_03385.jpeg,defect
img_03386.jpeg,defect
img_03387.jpeg,defect
img_03388.jpeg,defect
img_03389.jpeg,defect
img_03390.jpeg,defect
img_03391.jpeg,defect
img_03392.jpeg,defect
img_03393.jpeg,defect
img_03394.jpeg,defect
img_03395.jpeg,normal
img_03396.jpeg,defect
img_03397.jpeg,defect
img_03398.jpeg,normal
img_03399.jpeg,defect
img_03400.jpeg,defect
img_03401.jpeg,defect
img_03402.jpeg,defect
img_03403.jpeg,normal
img_03404.jpeg,defect
img_03405.jpeg,defect
img_03406.jpeg,normal
img_03407.jpeg,normal
img_03408.jpeg,defect
img_03409.jpeg,defect
img_03410.jpeg,normal
img_03411.jpeg,defect
img_03412.jpeg,defect
img_03413.jpeg,normal
img_03414.jpeg,defect
img_03415.jpeg,normal
img_03416.jpeg,normal
img_03417.jpeg,normal
img_03418.jpeg,defect
img_03419.jpeg,defect
img_03420.jpeg,defect
img_03421.jpeg,normal
img_03422.jpeg,defect
img_03423.jpeg,defect
img_03424.jpeg,defect
img_03425.jpeg,defect
img_03426.jpeg,normal
img_03427.jpeg,defect
img_03428.jpeg,defect
img_03429.jpeg,normal
img_03430.jpeg,normal
img_03431.jpeg,defect
img_03432.jpeg,defect
img_03433.jpeg,defect
img_03434.jpeg,normal
img_03435.jpeg,defect
img_03436.jpeg,normal
img_03437.jpeg,defect
img_03438.jpeg,defect
img_03439.jpeg,normal
img_03440.jpeg,normal
img_03441.jpeg,normal
img_03442.jpeg,normal
img_03443.jpeg,normal
img_03444.jpeg,defect
img_03445.jpeg,normal
img_03446.jpeg,defect
img_03447.jpeg,normal
img_03448.jpeg,defect
img_03449.jpeg,normal
img_03450.jpeg,defect
img_03451.jpeg,normal
img_03452.jpeg,normal
img_03453.jpeg,defect
img_03454.jpeg,normal
img_03455.jpeg,normal
img_03456.jpeg,defect
img_03457.jpeg,normal
img_03458.jpeg,normal
img_03459.jpeg,normal
img_03460.jpeg,defect
img_03461.jpeg,defect
img_03462.jpeg,normal
img_03463.jpeg,defect
img_03464.jpeg,normal
img_03465.jpeg,defect
img_03466.jpeg,defect
img_03467.jpeg,defect
img_03468.jpeg,normal
img_03469.jpeg,defect
img_03470.jpeg,defect
img_03471.jpeg,defect
img_03472.jpeg,normal
img_03473.jpeg,defect
img_03474.jpeg,defect
img_03475.jpeg,normal
img_03476.jpeg,defect
img_03477.jpeg,defect
img_03478.jpeg,normal
img_03479.jpeg,defect
img_03480.jpeg,normal
img_03481.jpeg,defect
img_03482.jpeg,normal
img_03483.jpeg,defect
img_03484.jpeg,normal
img_03485.jpeg,defect
img_03486.jpeg,normal
img_03487.jpeg,defect
img_03488.jpeg,defect
img_03489.jpeg,defect
img_03490.jpeg,defect
img_03491.jpeg,defect
img_03492.jpeg,defect
img_03493.jpeg,normal
img_03494.jpeg,defect
img_03495.jpeg,normal
img_03496.jpeg,normal
img_03497.jpeg,normal
img_03498.jpeg,normal
img_03499.jpeg,defect
img_03500.jpeg,defect
img_03501.jpeg,normal
img_03502.jpeg,defect
img_03503.jpeg,normal
img_03504.jpeg,normal
img_03505.jpeg,defect
img_03506.jpeg,defect
img_03507.jpeg,normal
img_03508.jpeg,normal
img_03509.jpeg,defect
img_03510.jpeg,normal
img_03511.jpeg,normal
img_03512.jpeg,defect
img_03513.jpeg,normal
img_03514.jpeg,normal
img_03515.jpeg,normal
img_03516.jpeg,defect
img_03517.jpeg,normal
img_03518.jpeg,normal
img_03519.jpeg,normal
img_03520.jpeg,normal
img_03521.jpeg,defect
img_03522.jpeg,defect
img_03523.jpeg,defect
img_03524.jpeg,normal
img_03525.jpeg,defect
img_03526.jpeg,defect
img_03527.jpeg,defect
img_03528.jpeg,defect
img_03529.jpeg,defect
img_03530.jpeg,defect
img_03531.jpeg,normal
img_03532.jpeg,normal
img_03533.jpeg,defect
img_03534.jpeg,normal
img_03535.jpeg,normal
img_03536.jpeg,normal
img_03537.jpeg,normal
img_03538.jpeg,defect
img_03539.jpeg,normal
img_03540.jpeg,defect
img_03541.jpeg,normal
img_03542.jpeg,normal
img_03543.jpeg,normal
img_03544.jpeg,defect
img_03545.jpeg,defect
img_03546.jpeg,normal
img_03547.jpeg,defect
img_03548.jpeg,normal
img_03549.jpeg,normal
img_03550.jpeg,defect
img_03551.jpeg,normal
img_03552.jpeg,defect
img_03553.jpeg,defect
img_03554.jpeg,defect
img_03555.jpeg,normal
img_03556.jpeg,normal
img_03557.jpeg,normal
img_03558.jpeg,defect
img_03559.jpeg,defect
img_03560.jpeg,normal
img_03561.jpeg,normal
img_03562.jpeg,normal
img_03563.jpeg,defect
img_03564.jpeg,defect
img_03565.jpeg,defect
img_03566.jpeg,normal
img_03567.jpeg,normal
img_03568.jpeg,defect
img_03569.jpeg,normal
img_03570.jpeg,normal
img_03571.jpeg,normal
img_03572.jpeg,normal
img_03573.jpeg,normal
img_03574.jpeg,defect
img_03575.jpeg,defect
img_03576.jpeg,normal
img_03577.jpeg,normal
img_03578.jpeg,normal
img_03579.jpeg,defect
img_03580.jpeg,normal
img_03581.jpeg,normal
img_03582.jpeg,normal
img_03583.jpeg,defect
img_03584.jpeg,defect
img_03585.jpeg,defect
img_03586.jpeg,normal
img_03587.jpeg,defect
img_03588.jpeg,normal
img_03589.jpeg,defect
img_03590.jpeg,normal
img_03591.jpeg,defect
img_03592.jpeg,defect
img_03593.jpeg,defect
img_03594.jpeg,normal
img_03595.jpeg,normal
img_03596.jpeg,normal
img_03597.jpeg,defect
img_03598.jpeg,normal
img_03599.jpeg,defect
img_03600.jpeg,normal
img_03601.jpeg,normal
img_03602.jpeg,defect
img_03603.jpeg,normal
img_03604.jpeg,defect
img_03605.jpeg,defect
img_03606.jpeg,normal
img_03607.jpeg,normal
img_03608.jpeg,normal
img_03609.jpeg,normal
img_03610.jpeg,defect
img_03611.jpeg,normal
img_03612.jpeg,normal
img_03613.jpeg,normal
img_03614.jpeg,defect
img_03615.jpeg,normal
img_03616.jpeg,normal
img_03617.jpeg,normal
img_03618.jpeg,normal
img_03619.jpeg,defect
img_03620.jpeg,defect
img_03621.jpeg,normal
img_03622.jpeg,defect
img_03623.jpeg,normal
img_03624.jpeg,defect
img_03625.jpeg,defect
img_03626.jpeg,normal
img_03627.jpeg,normal
img_03628.jpeg,normal
img_03629.jpeg,normal
img_03630.jpeg,normal
img_03631.jpeg,defect
img_03632.jpeg,defect
img_03633.jpeg,normal
img_03634.jpeg,defect
img_03635.jpeg,defect
img_03636.jpeg,defect
img_03637.jpeg,normal
img_03638.jpeg,normal
img_03639.jpeg,defect
img_03640.jpeg,normal
img_03641.jpeg,normal
img_03642.jpeg,normal
img_03643.jpeg,normal
img_03644.jpeg,normal
img_03645.jpeg,defect
img_03646.jpeg,defect
img_03647.jpeg,normal
img_03648.jpeg,defect
img_03649.jpeg,defect
img_03650.jpeg,normal
img_03651.jpeg,defect
img_03652.jpeg,defect
img_03653.jpeg,normal
img_03654.jpeg,defect
img_03655.jpeg,normal
img_03656.jpeg,normal
img_03657.jpeg,defect
img_03658.jpeg,defect
img_03659.jpeg,defect
img_03660.jpeg,normal
img_03661.jpeg,normal
img_03662.jpeg,normal
img_03663.jpeg,defect
img_03664.jpeg,normal
img_03665.jpeg,normal
img_03666.jpeg,normal
img_03667.jpeg,normal
img_03668.jpeg,normal
img_03669.jpeg,normal
img_03670.jpeg,normal
img_03671.jpeg,defect
img_03672.jpeg,defect
img_03673.jpeg,defect
img_03674.jpeg,defect
img_03675.jpeg,defect
img_03676.jpeg,defect
img_03677.jpeg,normal
img_03678.jpeg,defect
img_03679.jpeg,normal
img_03680.jpeg,defect
img_03681.jpeg,defect
img_03682.jpeg,defect
img_03683.jpeg,normal
img_03684.jpeg,defect
img_03685.jpeg,defect
img_03686.jpeg,normal
img_03687.jpeg,defect
img_03688.jpeg,defect
img_03689.jpeg,defect
img_03690.jpeg,normal
img_03691.jpeg,defect
img_03692.jpeg,normal
img_03693.jpeg,defect
img_03694.jpeg,normal
img_03695.jpeg,defect
img_03696.jpeg,defect
img_03697.jpeg,normal
img_03698.jpeg,defect
img_03699.jpeg,normal
img_03700.jpeg,defect
img_03701.jpeg,normal
img_03702.jpeg,normal
img_03703.jpeg,defect
img_03704.jpeg,defect
img_03705.jpeg,defect
img_03706.jpeg,normal
img_03707.jpeg,defect
img_03708.jpeg,normal
img_03709.jpeg,defect
img_03710.jpeg,defect
img_03711.jpeg,defect
img_03712.jpeg,defect
img_03713.jpeg,normal
img_03714.jpeg,normal
img_03715.jpeg,normal
img_03716.jpeg,defect
img_03717.jpeg,normal
img_03718.jpeg,normal
img_03719.jpeg,normal
img_03720.jpeg,defect
img_03721.jpeg,normal
img_03722.jpeg,defect
img_03723.jpeg,defect
img_03724.jpeg,normal
img_03725.jpeg,normal
img_03726.jpeg,defect
img_03727.jpeg,normal
img_03728.jpeg,defect
img_03729.jpeg,defect
img_03730.jpeg,defect
img_03731.jpeg,defect
img_03732.jpeg,defect
img_03733.jpeg,defect
img_03734.jpeg,normal
img_03735.jpeg,normal
img_03736.jpeg,normal
img_03737.jpeg,normal
img_03738.jpeg,defect
img_03739.jpeg,normal
img_03740.jpeg,normal
img_03741.jpeg,normal
img_03742.jpeg,normal
img_03743.jpeg,normal
img_03744.jpeg,defect
img_03745.jpeg,defect
img_03746.jpeg,defect
img_03747.jpeg,defect
img_03748.jpeg,normal
img_03749.jpeg,normal
img_03750.jpeg,normal
img_03751.jpeg,normal
img_03752.jpeg,normal
img_03753.jpeg,defect
img_03754.jpeg,normal
img_03755.jpeg,normal
img_03756.jpeg,normal
img_03757.jpeg,normal
img_03758.jpeg,normal
img_03759.jpeg,normal
img_03760.jpeg,defect
img_03761.jpeg,defect
img_03762.jpeg,defect
img_03763.jpeg,normal
img_03764.jpeg,normal
img_03765.jpeg,normal
img_03766.jpeg,normal
img_03767.jpeg,defect
img_03768.jpeg,defect
img_03769.jpeg,defect
img_03770.jpeg,normal
img_03771.jpeg,defect
img_03772.jpeg,normal
img_03773.jpeg,normal
img_03774.jpeg,normal
img_03775.jpeg,normal
img_03776.jpeg,defect
img_03777.jpeg,normal
img_03778.jpeg,defect
img_03779.jpeg,defect
img_03780.jpeg,normal
img_03781.jpeg,defect
img_03782.jpeg,defect
img_03783.jpeg,normal
img_03784.jpeg,normal
img_03785.jpeg,normal
img_03786.jpeg,normal
img_03787.jpeg,normal
img_03788.jpeg,defect
img_03789.jpeg,normal
img_03790.jpeg,normal
img_03791.jpeg,defect
img_03792.jpeg,defect
img_03793.jpeg,normal
img_03794.jpeg,normal
img_03795.jpeg,defect
img_03796.jpeg,defect
img_03797.jpeg,defect
img_03798.jpeg,normal
img_03799.jpeg,normal
img_03800.jpeg,defect
img_03801.jpeg,defect
img_03802.jpeg,defect
img_03803.jpeg,defect
img_03804.jpeg,normal
img_03805.jpeg,defect
img_03806.jpeg,defect
img_03807.jpeg,defect
img_03808.jpeg,normal
img_03809.jpeg,normal
img_03810.jpeg,normal
img_03811.jpeg,normal
img_03812.jpeg,defect
img_03813.jpeg,normal
img_03814.jpeg,defect
img_03815.jpeg,normal
img_03816.jpeg,normal
img_03817.jpeg,normal
img_03818.jpeg,defect
img_03819.jpeg,defect
img_03820.jpeg,defect
img_03821.jpeg,defect
img_03822.jpeg,normal
img_03823.jpeg,defect
img_03824.jpeg,normal
img_03825.jpeg,defect
img_03826.jpeg,normal
img_03827.jpeg,defect
img_03828.jpeg,defect
img_03829.jpeg,defect
img_03830.jpeg,defect
img_03831.jpeg,defect
img_03832.jpeg,normal
img_03833.jpeg,normal
img_03834.jpeg,defect
img_03835.jpeg,defect
img_03836.jpeg,normal
img_03837.jpeg,defect
img_03838.jpeg,normal
img_03839.jpeg,normal
img_03840.jpeg,defect
img_03841.jpeg,defect
img_03842.jpeg,normal
img_03843.jpeg,defect
img_03844.jpeg,defect
img_03845.jpeg,normal
img_03846.jpeg,defect
img_03847.jpeg,normal
img_03848.jpeg,defect
img_03849.jpeg,defect
img_03850.jpeg,normal
img_03851.jpeg,defect
img_03852.jpeg,defect
img_03853.jpeg,defect
img_03854.jpeg,defect
img_03855.jpeg,normal
img_03856.jpeg,normal
img_03857.jpeg,defect
img_03858.jpeg,defect
img_03859.jpeg,normal
img_03860.jpeg,normal
img_03861.jpeg,normal
img_03862.jpeg,defect
img_03863.jpeg,defect
img_03864.jpeg,defect
img_03865.jpeg,normal
img_03866.jpeg,normal
img_03867.jpeg,defect
img_03868.jpeg,normal
img_03869.jpeg,defect
img_03870.jpeg,defect
img_03871.jpeg,defect
img_03872.jpeg,defect
img_03873.jpeg,normal
img_03874.jpeg,normal
img_03875.jpeg,normal
img_03876.jpeg,defect
img_03877.jpeg,defect
img_03878.jpeg,normal
img_03879.jpeg,defect
img_03880.jpeg,defect
img_03881.jpeg,defect
img_03882.jpeg,defect
img_03883.jpeg,normal
img_03884.jpeg,defect
img_03885.jpeg,normal
img_03886.jpeg,defect
img_03887.jpeg,normal
img_03888.jpeg,normal
img_03889.jpeg,normal
img_03890.jpeg,defect
img_03891.jpeg,normal
img_03892.jpeg,normal
img_03893.jpeg,defect
img_03894.jpeg,normal
img_03895.jpeg,normal
img_03896.jpeg,defect
img_03897.jpeg,normal
img_03898.jpeg,defect
img_03899.jpeg,normal
img_03900.jpeg,defect
img_03901.jpeg,defect
img_03902.jpeg,normal
img_03903.jpeg,normal
img_03904.jpeg,defect
img_03905.jpeg,defect
img_03906.jpeg,normal
img_03907.jpeg,normal
img_03908.jpeg,defect
img_03909.jpeg,normal
img_03910.jpeg,defect
img_03911.jpeg,defect
img_03912.jpeg,normal
img_03913.jpeg,normal
img_03914.jpeg,normal
img_03915.jpeg,normal
img_03916.jpeg,normal
img_03917.jpeg,defect
img_03918.jpeg,defect
img_03919.jpeg,normal
img_03920.jpeg,defect
img_03921.jpeg,normal
img_03922.jpeg,defect
img_03923.jpeg,defect
img_03924.jpeg,defect
img_03925.jpeg,normal
img_03926.jpeg,normal
img_03927.jpeg,defect
img_03928.jpeg,defect
img_03929.jpeg,normal
img_03930.jpeg,normal
img_03931.jpeg,defect
img_03932.jpeg,normal
img_03933.jpeg,defect
img_03934.jpeg,defect
img_03935.jpeg,defect
img_03936.jpeg,normal
img_03937.jpeg,normal
img_03938.jpeg,defect
img_03939.jpeg,normal
img_03940.jpeg,defect
img_03941.jpeg,normal
img_03942.jpeg,defect
img_03943.jpeg,defect
img_03944.jpeg,normal
img_03945.jpeg,defect
img_03946.jpeg,normal
img_03947.jpeg,normal
img_03948.jpeg,defect
img_03949.jpeg,normal
img_03950.jpeg,defect
img_03951.jpeg,normal
img_03952.jpeg,normal
img_03953.jpeg,normal
img_03954.jpeg,defect
img_03955.jpeg,normal
img_03956.jpeg,normal
img_03957.jpeg,normal
img_03958.jpeg,defect
img_03959.jpeg,defect
img_03960.jpeg,normal
img_03961.jpeg,normal
img_03962.jpeg,normal
img_03963.jpeg,normal
img_03964.jpeg,defect
img_03965.jpeg,defect
img_03966.jpeg,defect
img_03967.jpeg,normal
img_03968.jpeg,normal
img_03969.jpeg,defect
img_03970.jpeg,normal
img_03971.jpeg,defect
img_03972.jpeg,normal
img_03973.jpeg,normal
img_03974.jpeg,defect
img_03975.jpeg,defect
img_03976.jpeg,normal
img_03977.jpeg,defect
img_03978.jpeg,normal
img_03979.jpeg,normal
img_03980.jpeg,normal
img_03981.jpeg,defect
img_03982.jpeg,defect
img_03983.jpeg,defect
img_03984.jpeg,normal
img_03985.jpeg,normal
img_03986.jpeg,defect
img_03987.jpeg,normal
img_03988.jpeg,normal
img_03989.jpeg,normal
img_03990.jpeg,defect
img_03991.jpeg,defect
img_03992.jpeg,defect
img_03993.jpeg,defect
img_03994.jpeg,normal
img_03995.jpeg,normal
img_03996.jpeg,normal
img_03997.jpeg,normal
img_03998.jpeg,normal
img_03999.jpeg,normal
img_04000.jpeg,defect
img_04001.jpeg,normal
img_04002.jpeg,defect
img_04003.jpeg,defect
img_04004.jpeg,defect
img_04005.jpeg,defect
img_04006.jpeg,defect
img_04007.jpeg,normal
img_04008.jpeg,normal
img_04009.jpeg,normal
img_04010.jpeg,defect
img_04011.jpeg,defect
img_04012.jpeg,normal
img_04013.jpeg,defect
img_04014.jpeg,defect
img_04015.jpeg,defect
img_04016.jpeg,normal
img_04017.jpeg,normal
img_04018.jpeg,defect
img_04019.jpeg,defect
img_04020.jpeg,defect
img_04021.jpeg,normal
img_04022.jpeg,defect
img_04023.jpeg,normal
img_04024.jpeg,normal
img_04025.jpeg,defect
img_04026.jpeg,normal
img_04027.jpeg,defect
img_04028.jpeg,defect
img_04029.jpeg,normal
img_04030.jpeg,normal
img_04031.jpeg,normal
img_04032.jpeg,normal
img_04033.jpeg,defect
img_04034.jpeg,normal
img_04035.jpeg,defect
img_04036.jpeg,defect
img_04037.jpeg,defect
img_04038.jpeg,defect
img_04039.jpeg,defect
img_04040.jpeg,defect
img_04041.jpeg,defect
img_04042.jpeg,defect
img_04043.jpeg,normal
img_04044.jpeg,defect
img_04045.jpeg,normal
img_04046.jpeg,normal
img_04047.jpeg,normal
img_04048.jpeg,defect
img_04049.jpeg,defect
img_04050.jpeg,defect
img_04051.jpeg,normal
img_04052.jpeg,normal
img_04053.jpeg,defect
img_04054.jpeg,defect
img_04055.jpeg,normal
img_04056.jpeg,defect
img_04057.jpeg,defect
img_04058.jpeg,normal
img_04059.jpeg,normal
img_04060.jpeg,defect
img_04061.jpeg,normal
img_04062.jpeg,defect
img_04063.jpeg,normal
img_04064.jpeg,defect
img_04065.jpeg,normal
img_04066.jpeg,defect
img_04067.jpeg,normal
img_04068.jpeg,normal
img_04069.jpeg,normal
img_04070.jpeg,defect
img_04071.jpeg,defect
img_04072.jpeg,normal
img_04073.jpeg,defect
img_04074.jpeg,defect
img_04075.jpeg,normal
img_04076.jpeg,defect
img_04077.jpeg,normal
img_04078.jpeg,defect
img_04079.jpeg,normal
img_04080.jpeg,normal
img_04081.jpeg,normal
img_04082.jpeg,normal
img_04083.jpeg,normal
img_04084.jpeg,normal
img_04085.jpeg,normal
img_04086.jpeg,normal
img_04087.jpeg,normal
img_04088.jpeg,defect
img_04089.jpeg,normal
img_04090.jpeg,normal
img_04091.jpeg,normal
img_04092.jpeg,defect
img_04093.jpeg,normal
img_04094.jpeg,defect
img_04095.jpeg,normal
img_04096.jpeg,normal
img_04097.jpeg,normal
img_04098.jpeg,defect
img_04099.jpeg,normal
img_04100.jpeg,normal
img_04101.jpeg,normal
img_04102.jpeg,defect
img_04103.jpeg,defect
img_04104.jpeg,normal
img_04105.jpeg,normal
img_04106.jpeg,normal
img_04107.jpeg,normal
img_04108.jpeg,normal
img_04109.jpeg,defect
img_04110.jpeg,normal
img_04111.jpeg,normal
img_04112.jpeg,normal
img_04113.jpeg,normal
img_04114.jpeg,normal
img_04115.jpeg,normal
img_04116.jpeg,defect
img_04117.jpeg,defect
img_04118.jpeg,defect
img_04119.jpeg,normal
img_04120.jpeg,normal
img_04121.jpeg,normal
img_04122.jpeg,normal
img_04123.jpeg,defect
img_04124.jpeg,normal
img_04125.jpeg,normal
img_04126.jpeg,normal
img_04127.jpeg,defect
img_04128.jpeg,normal
img_04129.jpeg,normal
img_04130.jpeg,defect
img_04131.jpeg,normal
img_04132.jpeg,defect
img_04133.jpeg,defect
img_04134.jpeg,normal
img_04135.jpeg,defect
img_04136.jpeg,normal
img_04137.jpeg,normal
img_04138.jpeg,defect
img_04139.jpeg,defect
img_04140.jpeg,normal
img_04141.jpeg,normal
img_04142.jpeg,defect
img_04143.jpeg,normal
img_04144.jpeg,defect
img_04145.jpeg,defect
img_04146.jpeg,normal
img_04147.jpeg,normal
img_04148.jpeg,defect
img_04149.jpeg,normal
img_04150.jpeg,normal
img_04151.jpeg,normal
img_04152.jpeg,defect
img_04153.jpeg,normal
img_04154.jpeg,defect
img_04155.jpeg,normal
img_04156.jpeg,normal
img_04157.jpeg,normal
img_04158.jpeg,defect
img_04159.jpeg,defect
img_04160.jpeg,defect
img_04161.jpeg,defect
img_04162.jpeg,defect
img_04163.jpeg,normal
img_04164.jpeg,defect
img_04165.jpeg,defect
img_04166.jpeg,defect
img_04167.jpeg,defect
img_04168.jpeg,normal
img_04169.jpeg,normal
img_04170.jpeg,defect
img_04171.jpeg,defect
img_04172.jpeg,defect
img_04173.jpeg,defect
img_04174.jpeg,defect
img_04175.jpeg,normal
img_04176.jpeg,normal
img_04177.jpeg,normal
img_04178.jpeg,normal
img_04179.jpeg,normal
img_04180.jpeg,defect
img_04181.jpeg,defect
img_04182.jpeg,normal
img_04183.jpeg,normal
img_04184.jpeg,normal
img_04185.jpeg,defect
img_04186.jpeg,defect
img_04187.jpeg,defect
img_04188.jpeg,defect
img_04189.jpeg,normal
img_04190.jpeg,defect
img_04191.jpeg,normal
img_04192.jpeg,normal
img_04193.jpeg,defect
img_04194.jpeg,defect
img_04195.jpeg,normal
img_04196.jpeg,normal
img_04197.jpeg,defect
img_04198.jpeg,normal
img_04199.jpeg,normal
img_04200.jpeg,normal
img_04201.jpeg,normal
img_04202.jpeg,normal
img_04203.jpeg,normal
img_04204.jpeg,normal
img_04205.jpeg,defect
img_04206.jpeg,normal
img_04207.jpeg,defect
img_04208.jpeg,defect
img_04209.jpeg,normal
img_04210.jpeg,normal
img_04211.jpeg,normal
img_04212.jpeg,defect
img_04213.jpeg,normal
img_04214.jpeg,defect
img_04215.jpeg,normal
img_04216.jpeg,normal
img_04217.jpeg,defect
img_04218.jpeg,normal
img_04219.jpeg,normal
img_04220.jpeg,defect
img_04221.jpeg,defect
img_04222.jpeg,normal
img_04223.jpeg,normal
img_04224.jpeg,defect
img_04225.jpeg,normal
img_04226.jpeg,normal
img_04227.jpeg,normal
img_04228.jpeg,normal
img_04229.jpeg,defect
img_04230.jpeg,defect
img_04231.jpeg,defect
img_04232.jpeg,normal
img_04233.jpeg,normal
img_04234.jpeg,normal
img_04235.jpeg,normal
img_04236.jpeg,defect
img_04237.jpeg,defect
img_04238.jpeg,normal
img_04239.jpeg,defect
img_04240.jpeg,normal
img_04241.jpeg,defect
img_04242.jpeg,normal
img_04243.jpeg,normal
img_04244.jpeg,defect
img_04245.jpeg,defect
img_04246.jpeg,defect
img_04247.jpeg,normal
img_04248.jpeg,normal
img_04249.jpeg,normal
img_04250.jpeg,defect
img_04251.jpeg,normal
img_04252.jpeg,defect
img_04253.jpeg,normal
img_04254.jpeg,defect
img_04255.jpeg,normal
img_04256.jpeg,defect
img_04257.jpeg,normal
img_04258.jpeg,normal
img_04259.jpeg,normal
img_04260.jpeg,normal
img_04261.jpeg,defect
img_04262.jpeg,defect
img_04263.jpeg,defect
img_04264.jpeg,normal
img_04265.jpeg,normal
img_04266.jpeg,normal
img_04267.jpeg,normal
img_04268.jpeg,defect
img_04269.jpeg,defect
img_04270.jpeg,defect
img_04271.jpeg,normal
img_04272.jpeg,normal
img_04273.jpeg,defect
img_04274.jpeg,defect
img_04275.jpeg,defect
img_04276.jpeg,normal
img_04277.jpeg,normal
img_04278.jpeg,normal
img_04279.jpeg,normal
img_04280.jpeg,normal
img_04281.jpeg,defect
img_04282.jpeg,normal
img_04283.jpeg,normal
img_04284.jpeg,normal
img_04285.jpeg,normal
img_04286.jpeg,defect
img_04287.jpeg,normal
img_04288.jpeg,normal
img_04289.jpeg,normal
img_04290.jpeg,defect
img_04291.jpeg,defect
img_04292.jpeg,normal
img_04293.jpeg,defect
img_04294.jpeg,defect
img_04295.jpeg,normal
img_04296.jpeg,normal
img_04297.jpeg,defect
img_04298.jpeg,defect
img_04299.jpeg,defect
img_04300.jpeg,normal
img_04301.jpeg,normal
img_04302.jpeg,defect
img_04303.jpeg,normal
img_04304.jpeg,normal
img_04305.jpeg,defect
img_04306.jpeg,defect
img_04307.jpeg,normal
img_04308.jpeg,defect
img_04309.jpeg,defect
img_04310.jpeg,normal
img_04311.jpeg,defect
img_04312.jpeg,defect
img_04313.jpeg,normal
img_04314.jpeg,normal
img_04315.jpeg,normal
img_04316.jpeg,normal
img_04317.jpeg,defect
img_04318.jpeg,defect
img_04319.jpeg,normal
img_04320.jpeg,defect
img_04321.jpeg,defect
img_04322.jpeg,normal
img_04323.jpeg,normal
img_04324.jpeg,defect
img_04325.jpeg,defect
img_04326.jpeg,normal
img_04327.jpeg,normal
img_04328.jpeg,normal
img_04329.jpeg,normal
img_04330.jpeg,normal
img_04331.jpeg,normal
img_04332.jpeg,normal
img_04333.jpeg,defect
img_04334.jpeg,normal
img_04335.jpeg,normal
img_04336.jpeg,defect
img_04337.jpeg,defect
img_04338.jpeg,normal
img_04339.jpeg,defect
img_04340.jpeg,defect
img_04341.jpeg,defect
img_04342.jpeg,defect
img_04343.jpeg,defect
img_04344.jpeg,normal
img_04345.jpeg,defect
img_04346.jpeg,normal
img_04347.jpeg,normal
img_04348.jpeg,normal
img_04349.jpeg,normal
img_04350.jpeg,normal
img_04351.jpeg,normal
img_04352.jpeg,normal
img_04353.jpeg,normal
img_04354.jpeg,defect
img_04355.jpeg,normal
img_04356.jpeg,defect
img_04357.jpeg,normal
img_04358.jpeg,normal
img_04359.jpeg,normal
img_04360.jpeg,defect
img_04361.jpeg,normal
img_04362.jpeg,normal
img_04363.jpeg,defect
img_04364.jpeg,normal
img_04365.jpeg,defect
img_04366.jpeg,defect
img_04367.jpeg,defect
img_04368.jpeg,normal
img_04369.jpeg,defect
img_04370.jpeg,defect
img_04371.jpeg,defect
img_04372.jpeg,normal
img_04373.jpeg,normal
img_04374.jpeg,normal
img_04375.jpeg,normal
img_04376.jpeg,defect
img_04377.jpeg,defect
img_04378.jpeg,defect
img_04379.jpeg,defect
img_04380.jpeg,normal
img_04381.jpeg,normal
img_04382.jpeg,defect
img_04383.jpeg,normal
img_04384.jpeg,defect
img_04385.jpeg,normal
img_04386.jpeg,defect
img_04387.jpeg,defect
img_04388.jpeg,defect
img_04389.jpeg,normal
img_04390.jpeg,normal
img_04391.jpeg,defect
img_04392.jpeg,defect
img_04393.jpeg,normal
img_04394.jpeg,defect
img_04395.jpeg,defect
img_04396.jpeg,normal
img_04397.jpeg,defect
img_04398.jpeg,normal
img_04399.jpeg,defect
img_04400.jpeg,defect
img_04401.jpeg,defect
img_04402.jpeg,normal
img_04403.jpeg,defect
img_04404.jpeg,normal
img_04405.jpeg,normal
img_04406.jpeg,normal
img_04407.jpeg,defect
img_04408.jpeg,defect
img_04409.jpeg,normal
img_04410.jpeg,normal
img_04411.jpeg,defect
img_04412.jpeg,normal
img_04413.jpeg,defect
img_04414.jpeg,defect
img_04415.jpeg,normal
img_04416.jpeg,defect
img_04417.jpeg,normal
img_04418.jpeg,defect
img_04419.jpeg,defect
img_04420.jpeg,normal
img_04421.jpeg,normal
img_04422.jpeg,normal
img_04423.jpeg,normal
img_04424.jpeg,normal
img_04425.jpeg,defect
img_04426.jpeg,defect
img_04427.jpeg,defect
img_04428.jpeg,defect
img_04429.jpeg,defect
img_04430.jpeg,defect
img_04431.jpeg,defect
img_04432.jpeg,defect
img_04433.jpeg,defect
img_04434.jpeg,defect
img_04435.jpeg,defect
img_04436.jpeg,defect
img_04437.jpeg,defect
img_04438.jpeg,defect
img_04439.jpeg,defect
img_04440.jpeg,normal
img_04441.jpeg,normal
img_04442.jpeg,normal
img_04443.jpeg,defect
img_04444.jpeg,defect
img_04445.jpeg,defect
img_04446.jpeg,normal
img_04447.jpeg,normal
img_04448.jpeg,normal
img_04449.jpeg,normal
img_04450.jpeg,normal
img_04451.jpeg,normal
img_04452.jpeg,defect
img_04453.jpeg,normal
img_04454.jpeg,normal
img_04455.jpeg,defect
img_04456.jpeg,defect
img_04457.jpeg,defect
img_04458.jpeg,defect
img_04459.jpeg,normal
img_04460.jpeg,defect
img_04461.jpeg,defect
img_04462.jpeg,defect
img_04463.jpeg,defect
img_04464.jpeg,normal
img_04465.jpeg,defect
img_04466.jpeg,defect
img_04467.jpeg,defect
img_04468.jpeg,normal
img_04469.jpeg,normal
img_04470.jpeg,normal
img_04471.jpeg,normal
img_04472.jpeg,normal
img_04473.jpeg,defect
img_04474.jpeg,defect
img_04475.jpeg,defect
img_04476.jpeg,defect
img_04477.jpeg,defect
img_04478.jpeg,normal
img_04479.jpeg,defect
img_04480.jpeg,defect
img_04481.jpeg,normal
img_04482.jpeg,defect
img_04483.jpeg,defect
img_04484.jpeg,normal
img_04485.jpeg,defect
img_04486.jpeg,defect
img_04487.jpeg,defect
img_04488.jpeg,normal
img_04489.jpeg,normal
img_04490.jpeg,defect
img_04491.jpeg,normal
img_04492.jpeg,normal
img_04493.jpeg,defect
img_04494.jpeg,defect
img_04495.jpeg,normal
img_04496.jpeg,defect
img_04497.jpeg,defect
img_04498.jpeg,defect
img_04499.jpeg,defect
img_04500.jpeg,normal
img_04501.jpeg,defect
img_04502.jpeg,defect
img_04503.jpeg,defect
img_04504.jpeg,defect
img_04505.jpeg,normal
img_04506.jpeg,normal
img_04507.jpeg,defect
img_04508.jpeg,normal
img_04509.jpeg,defect
img_04510.jpeg,normal
img_04511.jpeg,normal
img_04512.jpeg,defect
img_04513.jpeg,normal
img_04514.jpeg,defect
img_04515.jpeg,normal
img_04516.jpeg,defect
img_04517.jpeg,defect
img_04518.jpeg,defect
img_04519.jpeg,normal
img_04520.jpeg,defect
img_04521.jpeg,defect
img_04522.jpeg,normal
img_04523.jpeg,defect
img_04524.jpeg,normal
img_04525.jpeg,normal
img_04526.jpeg,defect
img_04527.jpeg,defect
img_04528.jpeg,defect
img_04529.jpeg,defect
img_04530.jpeg,defect
img_04531.jpeg,defect
img_04532.jpeg,normal
img_04533.jpeg,defect
img_04534.jpeg,normal
img_04535.jpeg,defect
img_04536.jpeg,defect
img_04537.jpeg,defect
img_04538.jpeg,defect
img_04539.jpeg,defect
img_04540.jpeg,defect
img_04541.jpeg,defect
img_04542.jpeg,defect
img_04543.jpeg,normal
img_04544.jpeg,normal
img_04545.jpeg,defect
img_04546.jpeg,defect
img_04547.jpeg,defect
img_04548.jpeg,defect
img_04549.jpeg,defect
img_04550.jpeg,normal
img_04551.jpeg,normal
img_04552.jpeg,defect
img_04553.jpeg,defect
img_04554.jpeg,defect
img_04555.jpeg,defect
img_04556.jpeg,normal
img_04557.jpeg,defect
img_04558.jpeg,defect
img_04559.jpeg,normal
img_04560.jpeg,defect
img_04561.jpeg,normal
img_04562.jpeg,defect
img_04563.jpeg,defect
img_04564.jpeg,defect
img_04565.jpeg,normal
img_04566.jpeg,normal
img_04567.jpeg,defect
img_04568.jpeg,normal
img_04569.jpeg,defect
img_04570.jpeg,normal
img_04571.jpeg,normal
img_04572.jpeg,normal
img_04573.jpeg,defect
img_04574.jpeg,normal
img_04575.jpeg,normal
img_04576.jpeg,defect
img_04577.jpeg,normal
img_04578.jpeg,normal
img_04579.jpeg,defect
img_04580.jpeg,defect
img_04581.jpeg,normal
img_04582.jpeg,normal
img_04583.jpeg,normal
img_04584.jpeg,normal
img_04585.jpeg,normal
img_04586.jpeg,normal
img_04587.jpeg,defect
img_04588.jpeg,defect
img_04589.jpeg,defect
img_04590.jpeg,defect
img_04591.jpeg,normal
img_04592.jpeg,normal
img_04593.jpeg,defect
img_04594.jpeg,defect
img_04595.jpeg,defect
img_04596.jpeg,normal
img_04597.jpeg,defect
img_04598.jpeg,defect
img_04599.jpeg,normal
img_04600.jpeg,normal
img_04601.jpeg,defect
img_04602.jpeg,defect
img_04603.jpeg,normal
img_04604.jpeg,normal
img_04605.jpeg,defect
img_04606.jpeg,defect
img_04607.jpeg,normal
img_04608.jpeg,normal
img_04609.jpeg,defect
img_04610.jpeg,defect
img_04611.jpeg,normal
img_04612.jpeg,defect
img_04613.jpeg,normal
img_04614.jpeg,defect
img_04615.jpeg,defect
img_04616.jpeg,normal
img_04617.jpeg,normal
img_04618.jpeg,defect
img_04619.jpeg,normal
img_04620.jpeg,defect
img_04621.jpeg,defect
img_04622.jpeg,defect
img_04623.jpeg,defect
img_04624.jpeg,normal
img_04625.jpeg,defect
img_04626.jpeg,defect
img_04627.jpeg,normal
img_04628.jpeg,normal
img_04629.jpeg,normal
img_04630.jpeg,normal
img_04631.jpeg,normal
img_04632.jpeg,normal
img_04633.jpeg,normal
img_04634.jpeg,normal
img_04635.jpeg,defect
img_04636.jpeg,normal
img_04637.jpeg,defect
img_04638.jpeg,defect
img_04639.jpeg,normal
img_04640.jpeg,normal
img_04641.jpeg,normal
img_04642.jpeg,defect
img_04643.jpeg,defect
img_04644.jpeg,defect
img_04645.jpeg,normal
img_04646.jpeg,defect
img_04647.jpeg,defect
img_04648.jpeg,defect
img_04649.jpeg,defect
img_04650.jpeg,normal
img_04651.jpeg,normal
img_04652.jpeg,normal
img_04653.jpeg,defect
img_04654.jpeg,defect
img_04655.jpeg,normal
img_04656.jpeg,defect
img_04657.jpeg,defect
img_04658.jpeg,defect
img_04659.jpeg,defect
img_04660.jpeg,normal
img_04661.jpeg,defect
img_04662.jpeg,defect
img_04663.jpeg,defect
img_04664.jpeg,normal
img_04665.jpeg,defect
img_04666.jpeg,defect
img_04667.jpeg,defect
img_04668.jpeg,normal
img_04669.jpeg,defect
img_04670.jpeg,normal
img_04671.jpeg,normal
img_04672.jpeg,defect
img_04673.jpeg,defect
img_04674.jpeg,normal
img_04675.jpeg,normal
img_04676.jpeg,defect
img_04677.jpeg,defect
img_04678.jpeg,normal
img_04679.jpeg,normal
img_04680.jpeg,normal
img_04681.jpeg,normal
img_04682.jpeg,defect
img_04683.jpeg,defect
img_04684.jpeg,normal
img_04685.jpeg,normal
img_04686.jpeg,defect
img_04687.jpeg,defect
img_04688.jpeg,normal
img_04689.jpeg,defect
img_04690.jpeg,defect
img_04691.jpeg,normal
img_04692.jpeg,normal
img_04693.jpeg,normal
img_04694.jpeg,normal
img_04695.jpeg,normal
img_04696.jpeg,normal
img_04697.jpeg,defect
img_04698.jpeg,normal
img_04699.jpeg,defect
img_04700.jpeg,defect
img_04701.jpeg,normal
img_04702.jpeg,defect
img_04703.jpeg,normal
img_04704.jpeg,defect
img_04705.jpeg,defect
img_04706.jpeg,defect
img_04707.jpeg,normal
img_04708.jpeg,defect
img_04709.jpeg,normal
img_04710.jpeg,defect
img_04711.jpeg,normal
img_04712.jpeg,normal
img_04713.jpeg,defect
img_04714.jpeg,defect
img_04715.jpeg,normal
img_04716.jpeg,defect
img_04717.jpeg,defect
img_04718.jpeg,defect
img_04719.jpeg,defect
img_04720.jpeg,normal
img_04721.jpeg,defect
img_04722.jpeg,defect
img_04723.jpeg,defect
img_04724.jpeg,normal
img_04725.jpeg,normal
img_04726.jpeg,defect
img_04727.jpeg,defect
img_04728.jpeg,defect
img_04729.jpeg,defect
img_04730.jpeg,defect
img_04731.jpeg,defect
img_04732.jpeg,defect
img_04733.jpeg,defect
img_04734.jpeg,normal
img_04735.jpeg,normal
img_04736.jpeg,normal
img_04737.jpeg,defect
img_04738.jpeg,defect
img_04739.jpeg,defect
img_04740.jpeg,normal
img_04741.jpeg,normal
img_04742.jpeg,defect
img_04743.jpeg,defect
img_04744.jpeg,normal
img_04745.jpeg,defect
img_04746.jpeg,defect
img_04747.jpeg,normal
img_04748.jpeg,normal
img_04749.jpeg,normal
img_04750.jpeg,normal
img_04751.jpeg,defect
img_04752.jpeg,defect
img_04753.jpeg,defect
img_04754.jpeg,defect
img_04755.jpeg,defect
img_04756.jpeg,defect
img_04757.jpeg,defect
img_04758.jpeg,normal
img_04759.jpeg,defect
img_04760.jpeg,normal
img_04761.jpeg,defect
img_04762.jpeg,defect
img_04763.jpeg,defect
img_04764.jpeg,defect
img_04765.jpeg,normal
img_04766.jpeg,normal
img_04767.jpeg,normal
img_04768.jpeg,normal
img_04769.jpeg,normal
img_04770.jpeg,normal
img_04771.jpeg,defect
img_04772.jpeg,defect
img_04773.jpeg,defect
img_04774.jpeg,defect
img_04775.jpeg,normal
img_04776.jpeg,defect
img_04777.jpeg,defect
img_04778.jpeg,defect
img_04779.jpeg,defect
img_04780.jpeg,normal
img_04781.jpeg,normal
img_04782.jpeg,defect
img_04783.jpeg,defect
img_04784.jpeg,normal
img_04785.jpeg,normal
img_04786.jpeg,defect
img_04787.jpeg,normal
img_04788.jpeg,defect
img_04789.jpeg,defect
img_04790.jpeg,defect
img_04791.jpeg,defect
img_04792.jpeg,normal
img_04793.jpeg,normal
img_04794.jpeg,defect
img_04795.jpeg,normal
img_04796.jpeg,defect
img_04797.jpeg,defect
img_04798.jpeg,normal
img_04799.jpeg,defect
img_04800.jpeg,normal
img_04801.jpeg,defect
img_04802.jpeg,normal
img_04803.jpeg,defect
img_04804.jpeg,normal
img_04805.jpeg,normal
img_04806.jpeg,defect
img_04807.jpeg,defect
img_04808.jpeg,defect
img_04809.jpeg,defect
img_04810.jpeg,defect
img_04811.jpeg,normal
img_04812.jpeg,defect
img_04813.jpeg,normal
img_04814.jpeg,normal
img_04815.jpeg,normal
img_04816.jpeg,normal
img_04817.jpeg,defect
img_04818.jpeg,defect
img_04819.jpeg,defect
img_04820.jpeg,defect
img_04821.jpeg,normal
img_04822.jpeg,normal
img_04823.jpeg,normal
img_04824.jpeg,normal
img_04825.jpeg,normal
img_04826.jpeg,normal
img_04827.jpeg,normal
img_04828.jpeg,defect
img_04829.jpeg,normal
img_04830.jpeg,defect
img_04831.jpeg,defect
img_04832.jpeg,defect
img_04833.jpeg,defect
img_04834.jpeg,defect
img_04835.jpeg,defect
img_04836.jpeg,defect
img_04837.jpeg,normal
img_04838.jpeg,defect
img_04839.jpeg,defect
img_04840.jpeg,defect
img_04841.jpeg,defect
img_04842.jpeg,normal
img_04843.jpeg,defect
img_04844.jpeg,defect
img_04845.jpeg,normal
img_04846.jpeg,defect
img_04847.jpeg,defect
img_04848.jpeg,normal
img_04849.jpeg,defect
img_04850.jpeg,defect
img_04851.jpeg,defect
img_04852.jpeg,normal
img_04853.jpeg,normal
img_04854.jpeg,defect
img_04855.jpeg,normal
img_04856.jpeg,normal
img_04857.jpeg,normal
img_04858.jpeg,normal
img_04859.jpeg,defect
img_04860.jpeg,defect
img_04861.jpeg,normal
img_04862.jpeg,normal
img_04863.jpeg,defect
img_04864.jpeg,normal
img_04865.jpeg,normal
img_04866.jpeg,normal
img_04867.jpeg,defect
img_04868.jpeg,normal
img_04869.jpeg,normal
img_04870.jpeg,defect
img_04871.jpeg,normal
img_04872.jpeg,defect
img_04873.jpeg,normal
img_04874.jpeg,defect
img_04875.jpeg,defect
img_04876.jpeg,defect
img_04877.jpeg,normal
img_04878.jpeg,defect
img_04879.jpeg,normal
img_04880.jpeg,normal
img_04881.jpeg,defect
img_04882.jpeg,defect
img_04883.jpeg,defect
img_04884.jpeg,defect
img_04885.jpeg,defect
img_04886.jpeg,defect
img_04887.jpeg,normal
img_04888.jpeg,normal
img_04889.jpeg,defect
img_04890.jpeg,defect
img_04891.jpeg,defect
img_04892.jpeg,defect
img_04893.jpeg,defect
img_04894.jpeg,defect
img_04895.jpeg,defect
img_04896.jpeg,defect
img_04897.jpeg,normal
img_04898.jpeg,defect
img_04899.jpeg,defect
img_04900.jpeg,defect
img_04901.jpeg,normal
img_04902.jpeg,defect
img_04903.jpeg,defect
img_04904.jpeg,normal
img_04905.jpeg,defect
img_04906.jpeg,defect
img_04907.jpeg,normal
img_04908.jpeg,defect
img_04909.jpeg,normal
img_04910.jpeg,defect
img_04911.jpeg,defect
img_04912.jpeg,normal
img_04913.jpeg,defect
img_04914.jpeg,defect
img_04915.jpeg,defect
img_04916.jpeg,defect
img_04917.jpeg,defect
img_04918.jpeg,defect
img_04919.jpeg,defect
img_04920.jpeg,defect
img_04921.jpeg,normal
img_04922.jpeg,normal
img_04923.jpeg,defect
img_04924.jpeg,normal
img_04925.jpeg,defect
img_04926.jpeg,normal
img_04927.jpeg,defect
img_04928.jpeg,defect
img_04929.jpeg,normal
img_04930.jpeg,defect
img_04931.jpeg,defect
img_04932.jpeg,defect
img_04933.jpeg,defect
img_04934.jpeg,defect
img_04935.jpeg,defect
img_04936.jpeg,normal
img_04937.jpeg,defect
img_04938.jpeg,defect
img_04939.jpeg,defect
img_04940.jpeg,normal
img_04941.jpeg,normal
img_04942.jpeg,defect
img_04943.jpeg,defect
img_04944.jpeg,defect
img_04945.jpeg,defect
img_04946.jpeg,defect
img_04947.jpeg,defect
img_04948.jpeg,normal
img_04949.jpeg,normal
img_04950.jpeg,defect
img_04951.jpeg,defect
img_04952.jpeg,defect
img_04953.jpeg,normal
img_04954.jpeg,defect
img_04955.jpeg,normal
img_04956.jpeg,defect
img_04957.jpeg,normal
img_04958.jpeg,defect
img_04959.jpeg,normal
img_04960.jpeg,normal
img_04961.jpeg,defect
img_04962.jpeg,defect
img_04963.jpeg,defect
img_04964.jpeg,defect
img_04965.jpeg,defect
img_04966.jpeg,normal
img_04967.jpeg,normal
img_04968.jpeg,defect
img_04969.jpeg,defect
img_04970.jpeg,defect
img_04971.jpeg,defect
img_04972.jpeg,defect
img_04973.jpeg,normal
img_04974.jpeg,defect
img_04975.jpeg,defect
img_04976.jpeg,defect
img_04977.jpeg,defect
img_04978.jpeg,normal
img_04979.jpeg,normal
img_04980.jpeg,defect
img_04981.jpeg,normal
img_04982.jpeg,defect
img_04983.jpeg,defect
img_04984.jpeg,defect
img_04985.jpeg,defect
img_04986.jpeg,defect
img_04987.jpeg,defect
img_04988.jpeg,defect
img_04989.jpeg,normal
img_04990.jpeg,defect
img_04991.jpeg,normal
img_04992.jpeg,defect
img_04993.jpeg,defect
img_04994.jpeg,defect
img_04995.jpeg,normal
img_04996.jpeg,defect
img_04997.jpeg,defect
img_04998.jpeg,defect
img_04999.jpeg,defect
img_05000.jpeg,defect
img_05001.jpeg,defect
img_05002.jpeg,defect
img_05003.jpeg,defect
img_05004.jpeg,defect
img_05005.jpeg,normal
img_05006.jpeg,defect
img_05007.jpeg,defect
img_05008.jpeg,defect
img_05009.jpeg,normal
img_05010.jpeg,defect
img_05011.jpeg,defect
img_05012.jpeg,defect
img_05013.jpeg,defect
img_05014.jpeg,normal
img_05015.jpeg,normal
img_05016.jpeg,normal
img_05017.jpeg,defect
img_05018.jpeg,defect
img_05019.jpeg,defect
img_05020.jpeg,defect
img_05021.jpeg,normal
img_05022.jpeg,defect
img_05023.jpeg,defect
img_05024.jpeg,defect
img_05025.jpeg,normal
img_05026.jpeg,normal
img_05027.jpeg,defect
img_05028.jpeg,defect
img_05029.jpeg,normal
img_05030.jpeg,normal
img_05031.jpeg,normal
img_05032.jpeg,defect
img_05033.jpeg,normal
img_05034.jpeg,defect
img_05035.jpeg,defect
img_05036.jpeg,normal
img_05037.jpeg,defect
img_05038.jpeg,defect
img_05039.jpeg,normal
img_05040.jpeg,normal
img_05041.jpeg,defect
img_05042.jpeg,defect
img_05043.jpeg,normal
img_05044.jpeg,defect
img_05045.jpeg,defect
img_05046.jpeg,defect
img_05047.jpeg,defect
img_05048.jpeg,normal
img_05049.jpeg,defect
img_05050.jpeg,normal
img_05051.jpeg,defect
img_05052.jpeg,defect
img_05053.jpeg,defect
img_05054.jpeg,defect
img_05055.jpeg,normal
img_05056.jpeg,defect
img_05057.jpeg,defect
img_05058.jpeg,defect
img_05059.jpeg,defect
img_05060.jpeg,normal
img_05061.jpeg,normal
img_05062.jpeg,normal
img_05063.jpeg,normal
img_05064.jpeg,normal
img_05065.jpeg,defect
img_05066.jpeg,defect
img_05067.jpeg,defect
img_05068.jpeg,defect
img_05069.jpeg,normal
img_05070.jpeg,normal
img_05071.jpeg,defect
img_05072.jpeg,defect
img_05073.jpeg,normal
img_05074.jpeg,defect
img_05075.jpeg,defect
img_05076.jpeg,normal
img_05077.jpeg,normal
img_05078.jpeg,defect
img_05079.jpeg,normal
img_05080.jpeg,normal
img_05081.jpeg,defect
img_05082.jpeg,normal
img_05083.jpeg,defect
img_05084.jpeg,defect
img_05085.jpeg,defect
img_05086.jpeg,normal
img_05087.jpeg,defect
img_05088.jpeg,defect
img_05089.jpeg,normal
img_05090.jpeg,defect
img_05091.jpeg,defect
img_05092.jpeg,normal
img_05093.jpeg,defect
img_05094.jpeg,normal
img_05095.jpeg,defect
img_05096.jpeg,defect
img_05097.jpeg,defect
img_05098.jpeg,defect
img_05099.jpeg,normal
img_05100.jpeg,normal
img_05101.jpeg,defect
img_05102.jpeg,defect
img_05103.jpeg,normal
img_05104.jpeg,normal
img_05105.jpeg,normal
img_05106.jpeg,defect
img_05107.jpeg,defect
img_05108.jpeg,normal
img_05109.jpeg,defect
img_05110.jpeg,normal
img_05111.jpeg,normal
img_05112.jpeg,defect
img_05113.jpeg,defect
img_05114.jpeg,defect
img_05115.jpeg,defect
img_05116.jpeg,defect
img_05117.jpeg,defect
img_05118.jpeg,defect
img_05119.jpeg,normal
img_05120.jpeg,defect
img_05121.jpeg,normal
img_05122.jpeg,defect
img_05123.jpeg,defect
img_05124.jpeg,defect
img_05125.jpeg,defect
img_05126.jpeg,defect
img_05127.jpeg,defect
img_05128.jpeg,defect
img_05129.jpeg,normal
img_05130.jpeg,normal
img_05131.jpeg,normal
img_05132.jpeg,defect
img_05133.jpeg,defect
img_05134.jpeg,normal
img_05135.jpeg,defect
img_05136.jpeg,defect
img_05137.jpeg,defect
img_05138.jpeg,normal
img_05139.jpeg,normal
img_05140.jpeg,defect
img_05141.jpeg,defect
img_05142.jpeg,defect
img_05143.jpeg,normal
img_05144.jpeg,defect
img_05145.jpeg,defect
img_05146.jpeg,normal
img_05147.jpeg,defect
img_05148.jpeg,defect
img_05149.jpeg,defect
img_05150.jpeg,normal
img_05151.jpeg,defect
img_05152.jpeg,normal
img_05153.jpeg,normal
img_05154.jpeg,normal
img_05155.jpeg,normal
img_05156.jpeg,defect
img_05157.jpeg,normal
img_05158.jpeg,defect
img_05159.jpeg,defect
img_05160.jpeg,defect
img_05161.jpeg,defect
img_05162.jpeg,defect
img_05163.jpeg,defect
img_05164.jpeg,normal
img_05165.jpeg,defect
img_05166.jpeg,defect
img_05167.jpeg,defect
img_05168.jpeg,defect
img_05169.jpeg,normal
img_05170.jpeg,defect
img_05171.jpeg,normal
img_05172.jpeg,defect
img_05173.jpeg,normal
img_05174.jpeg,defect
img_05175.jpeg,normal
img_05176.jpeg,defect
img_05177.jpeg,defect
img_05178.jpeg,defect
img_05179.jpeg,normal
img_05180.jpeg,defect
img_05181.jpeg,defect
img_05182.jpeg,defect
img_05183.jpeg,normal
img_05184.jpeg,normal
img_05185.jpeg,defect
img_05186.jpeg,defect
img_05187.jpeg,normal
img_05188.jpeg,normal
img_05189.jpeg,normal
img_05190.jpeg,normal
img_05191.jpeg,normal
img_05192.jpeg,normal
img_05193.jpeg,normal
img_05194.jpeg,normal
img_05195.jpeg,defect
img_05196.jpeg,defect
img_05197.jpeg,defect
img_05198.jpeg,defect
img_05199.jpeg,normal
img_05200.jpeg,defect
img_05201.jpeg,defect
img_05202.jpeg,normal
img_05203.jpeg,defect
img_05204.jpeg,defect
img_05205.jpeg,defect
img_05206.jpeg,normal
img_05207.jpeg,defect
img_05208.jpeg,normal
img_05209.jpeg,normal
img_05210.jpeg,defect
img_05211.jpeg,defect
img_05212.jpeg,defect
img_05213.jpeg,defect
img_05214.jpeg,defect
img_05215.jpeg,defect
img_05216.jpeg,normal
img_05217.jpeg,defect
img_05218.jpeg,defect
img_05219.jpeg,normal
img_05220.jpeg,defect
img_05221.jpeg,defect
img_05222.jpeg,defect
img_05223.jpeg,defect
img_05224.jpeg,defect
img_05225.jpeg,defect
img_05226.jpeg,defect
img_05227.jpeg,normal
img_05228.jpeg,normal
img_05229.jpeg,normal
img_05230.jpeg,normal
img_05231.jpeg,defect
img_05232.jpeg,defect
img_05233.jpeg,defect
img_05234.jpeg,normal
img_05235.jpeg,defect
img_05236.jpeg,defect
img_05237.jpeg,normal
img_05238.jpeg,normal
img_05239.jpeg,defect
img_05240.jpeg,normal
img_05241.jpeg,defect
img_05242.jpeg,normal
img_05243.jpeg,defect
img_05244.jpeg,normal
img_05245.jpeg,normal
img_05246.jpeg,defect
img_05247.jpeg,normal
img_05248.jpeg,normal
img_05249.jpeg,defect
img_05250.jpeg,defect
img_05251.jpeg,defect
img_05252.jpeg,defect
img_05253.jpeg,normal
img_05254.jpeg,normal
img_05255.jpeg,defect
img_05256.jpeg,defect
img_05257.jpeg,defect
img_05258.jpeg,normal
img_05259.jpeg,defect
img_05260.jpeg,defect
img_05261.jpeg,defect
img_05262.jpeg,defect
img_05263.jpeg,normal
img_05264.jpeg,defect
img_05265.jpeg,defect
img_05266.jpeg,normal
img_05267.jpeg,normal
img_05268.jpeg,normal
img_05269.jpeg,defect
img_05270.jpeg,normal
img_05271.jpeg,defect
img_05272.jpeg,defect
img_05273.jpeg,normal
img_05274.jpeg,defect
img_05275.jpeg,normal
img_05276.jpeg,normal
img_05277.jpeg,normal
img_05278.jpeg,normal
img_05279.jpeg,defect
img_05280.jpeg,normal
img_05281.jpeg,defect
img_05282.jpeg,normal
img_05283.jpeg,normal
img_05284.jpeg,defect
img_05285.jpeg,defect
img_05286.jpeg,defect
img_05287.jpeg,defect
img_05288.jpeg,defect
img_05289.jpeg,normal
img_05290.jpeg,defect
img_05291.jpeg,normal
img_05292.jpeg,normal
img_05293.jpeg,defect
img_05294.jpeg,defect
img_05295.jpeg,defect
img_05296.jpeg,normal
img_05297.jpeg,normal
img_05298.jpeg,defect
img_05299.jpeg,defect
img_05300.jpeg,defect
img_05301.jpeg,defect
img_05302.jpeg,defect
img_05303.jpeg,defect
img_05304.jpeg,defect
img_05305.jpeg,normal
img_05306.jpeg,defect
img_05307.jpeg,normal
img_05308.jpeg,normal
img_05309.jpeg,defect
img_05310.jpeg,defect
img_05311.jpeg,normal
img_05312.jpeg,defect
img_05313.jpeg,normal
img_05314.jpeg,defect
img_05315.jpeg,defect
img_05316.jpeg,defect
img_05317.jpeg,defect
img_05318.jpeg,defect
img_05319.jpeg,defect
img_05320.jpeg,normal
img_05321.jpeg,defect
img_05322.jpeg,defect
img_05323.jpeg,defect
img_05324.jpeg,defect
img_05325.jpeg,defect
img_05326.jpeg,defect
img_05327.jpeg,normal
img_05328.jpeg,normal
img_05329.jpeg,defect
img_05330.jpeg,normal
img_05331.jpeg,defect
img_05332.jpeg,defect
img_05333.jpeg,normal
img_05334.jpeg,defect
img_05335.jpeg,defect
img_05336.jpeg,defect
img_05337.jpeg,defect
img_05338.jpeg,defect
img_05339.jpeg,normal
img_05340.jpeg,defect
img_05341.jpeg,defect
img_05342.jpeg,defect
img_05343.jpeg,normal
img_05344.jpeg,defect
img_05345.jpeg,defect
img_05346.jpeg,defect
img_05347.jpeg,defect
img_05348.jpeg,defect
img_05349.jpeg,defect
img_05350.jpeg,defect
img_05351.jpeg,normal
img_05352.jpeg,normal
img_05353.jpeg,defect
img_05354.jpeg,defect
img_05355.jpeg,defect
img_05356.jpeg,defect
img_05357.jpeg,defect
img_05358.jpeg,defect
img_05359.jpeg,defect
img_05360.jpeg,normal
img_05361.jpeg,defect
img_05362.jpeg,normal
img_05363.jpeg,defect
img_05364.jpeg,normal
img_05365.jpeg,defect
img_05366.jpeg,normal
img_05367.jpeg,defect
img_05368.jpeg,defect
img_05369.jpeg,normal
img_05370.jpeg,defect
img_05371.jpeg,defect
img_05372.jpeg,defect
img_05373.jpeg,normal
img_05374.jpeg,defect
img_05375.jpeg,defect
img_05376.jpeg,normal
img_05377.jpeg,normal
img_05378.jpeg,defect
img_05379.jpeg,defect
img_05380.jpeg,defect
img_05381.jpeg,defect
img_05382.jpeg,defect
img_05383.jpeg,defect
img_05384.jpeg,defect
img_05385.jpeg,normal
img_05386.jpeg,defect
img_05387.jpeg,defect
img_05388.jpeg,defect
img_05389.jpeg,normal
img_05390.jpeg,normal
img_05391.jpeg,defect
img_05392.jpeg,normal
img_05393.jpeg,defect
img_05394.jpeg,normal
img_05395.jpeg,defect
img_05396.jpeg,normal
img_05397.jpeg,defect
img_05398.jpeg,normal
img_05399.jpeg,normal
img_05400.jpeg,defect
img_05401.jpeg,normal
img_05402.jpeg,defect
img_05403.jpeg,defect
img_05404.jpeg,normal
img_05405.jpeg,normal
img_05406.jpeg,defect
img_05407.jpeg,normal
img_05408.jpeg,normal
img_05409.jpeg,defect
img_05410.jpeg,normal
img_05411.jpeg,defect
img_05412.jpeg,defect
img_05413.jpeg,normal
img_05414.jpeg,normal
img_05415.jpeg,defect
img_05416.jpeg,normal
img_05417.jpeg,defect
img_05418.jpeg,defect
img_05419.jpeg,defect
img_05420.jpeg,defect
img_05421.jpeg,defect
img_05422.jpeg,defect
img_05423.jpeg,defect
img_05424.jpeg,normal
img_05425.jpeg,defect
img_05426.jpeg,defect
img_05427.jpeg,defect
img_05428.jpeg,defect
img_05429.jpeg,defect
img_05430.jpeg,defect
img_05431.jpeg,defect
img_05432.jpeg,normal
img_05433.jpeg,normal
img_05434.jpeg,normal
img_05435.jpeg,normal
img_05436.jpeg,normal
img_05437.jpeg,defect
img_05438.jpeg,defect
img_05439.jpeg,normal
img_05440.jpeg,defect
img_05441.jpeg,defect
img_05442.jpeg,defect
img_05443.jpeg,defect
img_05444.jpeg,normal
img_05445.jpeg,normal
img_05446.jpeg,defect
img_05447.jpeg,defect
img_05448.jpeg,normal
img_05449.jpeg,defect
img_05450.jpeg,normal
img_05451.jpeg,defect
img_05452.jpeg,normal
img_05453.jpeg,defect
img_05454.jpeg,defect
img_05455.jpeg,defect
img_05456.jpeg,defect
img_05457.jpeg,defect
img_05458.jpeg,normal
img_05459.jpeg,defect
img_05460.jpeg,defect
img_05461.jpeg,normal
img_05462.jpeg,defect
img_05463.jpeg,defect
img_05464.jpeg,normal
img_05465.jpeg,defect
img_05466.jpeg,normal
img_05467.jpeg,defect
img_05468.jpeg,defect
img_05469.jpeg,defect
img_05470.jpeg,defect
img_05471.jpeg,defect
img_05472.jpeg,defect
img_05473.jpeg,defect
img_05474.jpeg,normal
img_05475.jpeg,normal
img_05476.jpeg,defect
img_05477.jpeg,normal
img_05478.jpeg,normal
img_05479.jpeg,defect
img_05480.jpeg,defect
img_05481.jpeg,defect
img_05482.jpeg,normal
img_05483.jpeg,normal
img_05484.jpeg,defect
img_05485.jpeg,normal
img_05486.jpeg,normal
img_05487.jpeg,normal
img_05488.jpeg,defect
img_05489.jpeg,defect
img_05490.jpeg,normal
img_05491.jpeg,defect
img_05492.jpeg,defect
img_05493.jpeg,normal
img_05494.jpeg,defect
img_05495.jpeg,normal
img_05496.jpeg,normal
img_05497.jpeg,normal
img_05498.jpeg,defect
img_05499.jpeg,normal
img_05500.jpeg,defect
img_05501.jpeg,defect
img_05502.jpeg,normal
img_05503.jpeg,defect
img_05504.jpeg,defect
img_05505.jpeg,normal
img_05506.jpeg,normal
img_05507.jpeg,normal
img_05508.jpeg,defect
img_05509.jpeg,defect
img_05510.jpeg,normal
img_05511.jpeg,normal
img_05512.jpeg,defect
img_05513.jpeg,defect
img_05514.jpeg,defect
img_05515.jpeg,normal
img_05516.jpeg,normal
img_05517.jpeg,normal
img_05518.jpeg,defect
img_05519.jpeg,defect
img_05520.jpeg,normal
img_05521.jpeg,normal
img_05522.jpeg,defect
img_05523.jpeg,defect
img_05524.jpeg,defect
img_05525.jpeg,normal
img_05526.jpeg,defect
img_05527.jpeg,normal
img_05528.jpeg,normal
img_05529.jpeg,normal
img_05530.jpeg,normal
img_05531.jpeg,defect
img_05532.jpeg,defect
img_05533.jpeg,normal
img_05534.jpeg,defect
img_05535.jpeg,normal
img_05536.jpeg,defect
img_05537.jpeg,defect
img_05538.jpeg,defect
img_05539.jpeg,normal
img_05540.jpeg,defect
img_05541.jpeg,defect
img_05542.jpeg,defect
img_05543.jpeg,normal
img_05544.jpeg,defect
img_05545.jpeg,defect
img_05546.jpeg,normal
img_05547.jpeg,normal
img_05548.jpeg,defect
img_05549.jpeg,normal
img_05550.jpeg,normal
img_05551.jpeg,defect
img_05552.jpeg,defect
img_05553.jpeg,normal
img_05554.jpeg,defect
img_05555.jpeg,normal
img_05556.jpeg,defect
img_05557.jpeg,defect
img_05558.jpeg,normal
img_05559.jpeg,defect
img_05560.jpeg,normal
img_05561.jpeg,defect
img_05562.jpeg,normal
img_05563.jpeg,defect
img_05564.jpeg,defect
img_05565.jpeg,defect
img_05566.jpeg,normal
img_05567.jpeg,defect
img_05568.jpeg,defect
img_05569.jpeg,normal
img_05570.jpeg,defect
img_05571.jpeg,normal
img_05572.jpeg,defect
img_05573.jpeg,defect
img_05574.jpeg,normal
img_05575.jpeg,normal
img_05576.jpeg,defect
img_05577.jpeg,normal
img_05578.jpeg,defect
img_05579.jpeg,defect
img_05580.jpeg,normal
img_05581.jpeg,normal
img_05582.jpeg,defect
img_05583.jpeg,normal
img_05584.jpeg,normal
img_05585.jpeg,defect
img_05586.jpeg,defect
img_05587.jpeg,normal
img_05588.jpeg,normal
img_05589.jpeg,normal
img_05590.jpeg,normal
img_05591.jpeg,normal
img_05592.jpeg,normal
img_05593.jpeg,normal
img_05594.jpeg,defect
img_05595.jpeg,defect
img_05596.jpeg,normal
img_05597.jpeg,normal
img_05598.jpeg,defect
img_05599.jpeg,defect
img_05600.jpeg,defect
img_05601.jpeg,defect
img_05602.jpeg,defect
img_05603.jpeg,normal
img_05604.jpeg,normal
img_05605.jpeg,normal
img_05606.jpeg,normal
img_05607.jpeg,normal
img_05608.jpeg,normal
img_05609.jpeg,defect
img_05610.jpeg,normal
img_05611.jpeg,normal
img_05612.jpeg,defect
img_05613.jpeg,normal
img_05614.jpeg,defect
img_05615.jpeg,normal
img_05616.jpeg,defect
img_05617.jpeg,normal
img_05618.jpeg,normal
img_05619.jpeg,defect
img_05620.jpeg,defect
img_05621.jpeg,defect
img_05622.jpeg,normal
img_05623.jpeg,normal
img_05624.jpeg,normal
img_05625.jpeg,defect
img_05626.jpeg,normal
img_05627.jpeg,normal
img_05628.jpeg,defect
img_05629.jpeg,normal
img_05630.jpeg,normal
img_05631.jpeg,normal
img_05632.jpeg,normal
img_05633.jpeg,defect
img_05634.jpeg,normal
img_05635.jpeg,defect
img_05636.jpeg,defect
img_05637.jpeg,defect
img_05638.jpeg,normal
img_05639.jpeg,defect
img_05640.jpeg,normal
img_05641.jpeg,defect
img_05642.jpeg,defect
img_05643.jpeg,normal
img_05644.jpeg,normal
img_05645.jpeg,defect
img_05646.jpeg,defect
img_05647.jpeg,normal
img_05648.jpeg,defect
img_05649.jpeg,normal
img_05650.jpeg,normal
img_05651.jpeg,defect
img_05652.jpeg,normal
img_05653.jpeg,normal
img_05654.jpeg,normal
img_05655.jpeg,normal
img_05656.jpeg,normal
img_05657.jpeg,defect
img_05658.jpeg,normal
img_05659.jpeg,defect
img_05660.jpeg,defect
img_05661.jpeg,normal
img_05662.jpeg,defect
img_05663.jpeg,defect
img_05664.jpeg,normal
img_05665.jpeg,defect
img_05666.jpeg,normal
img_05667.jpeg,defect
img_05668.jpeg,normal
img_05669.jpeg,normal
img_05670.jpeg,defect
img_05671.jpeg,defect
img_05672.jpeg,normal
img_05673.jpeg,normal
img_05674.jpeg,normal
img_05675.jpeg,normal
img_05676.jpeg,defect
img_05677.jpeg,normal
img_05678.jpeg,defect
img_05679.jpeg,defect
img_05680.jpeg,defect
img_05681.jpeg,normal
img_05682.jpeg,defect
img_05683.jpeg,defect
img_05684.jpeg,normal
img_05685.jpeg,normal
img_05686.jpeg,defect
img_05687.jpeg,defect
img_05688.jpeg,defect
img_05689.jpeg,normal
img_05690.jpeg,normal
img_05691.jpeg,normal
img_05692.jpeg,defect
img_05693.jpeg,defect
img_05694.jpeg,normal
img_05695.jpeg,normal
img_05696.jpeg,normal
img_05697.jpeg,defect
img_05698.jpeg,defect
img_05699.jpeg,defect
img_05700.jpeg,normal
img_05701.jpeg,defect
img_05702.jpeg,normal
img_05703.jpeg,normal
img_05704.jpeg,normal
img_05705.jpeg,normal
img_05706.jpeg,defect
img_05707.jpeg,defect
img_05708.jpeg,defect
img_05709.jpeg,defect
img_05710.jpeg,normal
img_05711.jpeg,defect
img_05712.jpeg,defect
img_05713.jpeg,normal
img_05714.jpeg,normal
img_05715.jpeg,defect
img_05716.jpeg,normal
img_05717.jpeg,defect
img_05718.jpeg,normal
img_05719.jpeg,normal
img_05720.jpeg,defect
img_05721.jpeg,defect
img_05722.jpeg,defect
img_05723.jpeg,normal
img_05724.jpeg,defect
img_05725.jpeg,normal
img_05726.jpeg,normal
img_05727.jpeg,normal
img_05728.jpeg,defect
img_05729.jpeg,defect
img_05730.jpeg,normal
img_05731.jpeg,defect
img_05732.jpeg,defect
img_05733.jpeg,defect
img_05734.jpeg,normal
img_05735.jpeg,normal
img_05736.jpeg,defect
img_05737.jpeg,normal
img_05738.jpeg,normal
img_05739.jpeg,normal
img_05740.jpeg,normal
img_05741.jpeg,defect
img_05742.jpeg,defect
img_05743.jpeg,defect
img_05744.jpeg,normal
img_05745.jpeg,normal
img_05746.jpeg,defect
img_05747.jpeg,normal
img_05748.jpeg,defect
img_05749.jpeg,normal
img_05750.jpeg,defect
img_05751.jpeg,defect
img_05752.jpeg,normal
img_05753.jpeg,defect
img_05754.jpeg,defect
img_05755.jpeg,defect
img_05756.jpeg,normal
img_05757.jpeg,normal
img_05758.jpeg,defect
img_05759.jpeg,normal
img_05760.jpeg,defect
img_05761.jpeg,defect
img_05762.jpeg,defect
img_05763.jpeg,defect
img_05764.jpeg,normal
img_05765.jpeg,defect
img_05766.jpeg,defect
img_05767.jpeg,defect
img_05768.jpeg,defect
img_05769.jpeg,normal
img_05770.jpeg,defect
img_05771.jpeg,normal
img_05772.jpeg,defect
img_05773.jpeg,defect
img_05774.jpeg,defect
img_05775.jpeg,defect
img_05776.jpeg,normal
img_05777.jpeg,normal
img_05778.jpeg,normal
img_05779.jpeg,defect
img_05780.jpeg,defect
img_05781.jpeg,defect
img_05782.jpeg,defect
img_05783.jpeg,normal
img_05784.jpeg,normal
img_05785.jpeg,normal
img_05786.jpeg,normal
img_05787.jpeg,defect
img_05788.jpeg,normal
img_05789.jpeg,defect
img_05790.jpeg,normal
img_05791.jpeg,defect
img_05792.jpeg,normal
img_05793.jpeg,defect
img_05794.jpeg,normal
img_05795.jpeg,defect
img_05796.jpeg,defect
img_05797.jpeg,defect
img_05798.jpeg,normal
img_05799.jpeg,normal
img_05800.jpeg,normal
img_05801.jpeg,normal
img_05802.jpeg,normal
img_05803.jpeg,normal
img_05804.jpeg,normal
img_05805.jpeg,defect
img_05806.jpeg,defect
img_05807.jpeg,defect
img_05808.jpeg,normal
img_05809.jpeg,defect
img_05810.jpeg,normal
img_05811.jpeg,defect
img_05812.jpeg,normal
img_05813.jpeg,defect
img_05814.jpeg,normal
img_05815.jpeg,defect
img_05816.jpeg,defect
img_05817.jpeg,defect
img_05818.jpeg,defect
img_05819.jpeg,defect
img_05820.jpeg,defect
img_05821.jpeg,normal
img_05822.jpeg,defect
img_05823.jpeg,normal
img_05824.jpeg,normal
img_05825.jpeg,defect
img_05826.jpeg,defect
img_05827.jpeg,normal
img_05828.jpeg,normal
img_05829.jpeg,defect
img_05830.jpeg,normal
img_05831.jpeg,defect
img_05832.jpeg,defect
img_05833.jpeg,normal
img_05834.jpeg,defect
img_05835.jpeg,normal
img_05836.jpeg,defect
img_05837.jpeg,normal
img_05838.jpeg,normal
img_05839.jpeg,defect
img_05840.jpeg,defect
img_05841.jpeg,normal
img_05842.jpeg,defect
img_05843.jpeg,normal
img_05844.jpeg,defect
img_05845.jpeg,defect
img_05846.jpeg,normal
img_05847.jpeg,defect
img_05848.jpeg,normal
img_05849.jpeg,normal
img_05850.jpeg,normal
img_05851.jpeg,normal
img_05852.jpeg,defect
img_05853.jpeg,defect
img_05854.jpeg,defect
img_05855.jpeg,defect
img_05856.jpeg,normal
img_05857.jpeg,normal
img_05858.jpeg,normal
img_05859.jpeg,defect
img_05860.jpeg,normal
img_05861.jpeg,defect
img_05862.jpeg,normal
img_05863.jpeg,defect
img_05864.jpeg,defect
img_05865.jpeg,defect
img_05866.jpeg,normal
img_05867.jpeg,normal
img_05868.jpeg,normal
img_05869.jpeg,defect
img_05870.jpeg,defect
img_05871.jpeg,defect
img_05872.jpeg,normal
img_05873.jpeg,normal
img_05874.jpeg,defect
img_05875.jpeg,normal
img_05876.jpeg,defect
img_05877.jpeg,normal
img_05878.jpeg,defect
img_05879.jpeg,defect
img_05880.jpeg,defect
img_05881.jpeg,normal
img_05882.jpeg,defect
img_05883.jpeg,defect
img_05884.jpeg,normal
img_05885.jpeg,defect
img_05886.jpeg,normal
img_05887.jpeg,defect
img_05888.jpeg,normal
img_05889.jpeg,normal
img_05890.jpeg,defect
img_05891.jpeg,normal
img_05892.jpeg,normal
img_05893.jpeg,defect
img_05894.jpeg,normal
img_05895.jpeg,defect
img_05896.jpeg,defect
img_05897.jpeg,defect
img_05898.jpeg,defect
img_05899.jpeg,defect
img_05900.jpeg,normal
img_05901.jpeg,defect
img_05902.jpeg,defect
img_05903.jpeg,defect
img_05904.jpeg,normal
img_05905.jpeg,defect
img_05906.jpeg,normal
img_05907.jpeg,defect
img_05908.jpeg,defect
img_05909.jpeg,defect
img_05910.jpeg,normal
img_05911.jpeg,normal
img_05912.jpeg,defect
img_05913.jpeg,defect
img_05914.jpeg,defect
img_05915.jpeg,normal
img_05916.jpeg,normal
img_05917.jpeg,normal
img_05918.jpeg,normal
img_05919.jpeg,normal
img_05920.jpeg,normal
img_05921.jpeg,defect
img_05922.jpeg,normal
img_05923.jpeg,defect
img_05924.jpeg,normal
img_05925.jpeg,defect
img_05926.jpeg,defect
img_05927.jpeg,defect
img_05928.jpeg,defect
img_05929.jpeg,normal
img_05930.jpeg,defect
img_05931.jpeg,defect
img_05932.jpeg,normal
img_05933.jpeg,normal
img_05934.jpeg,normal
img_05935.jpeg,normal
img_05936.jpeg,normal
img_05937.jpeg,normal
img_05938.jpeg,defect
img_05939.jpeg,normal
img_05940.jpeg,normal
img_05941.jpeg,defect
img_05942.jpeg,normal
img_05943.jpeg,normal
img_05944.jpeg,defect
img_05945.jpeg,defect
img_05946.jpeg,defect
img_05947.jpeg,defect
img_05948.jpeg,defect
img_05949.jpeg,normal
img_05950.jpeg,normal
img_05951.jpeg,defect
img_05952.jpeg,normal
img_05953.jpeg,defect
img_05954.jpeg,defect
img_05955.jpeg,normal
img_05956.jpeg,normal
img_05957.jpeg,defect
img_05958.jpeg,defect
img_05959.jpeg,normal
img_05960.jpeg,defect
img_05961.jpeg,defect
img_05962.jpeg,normal
img_05963.jpeg,normal
img_05964.jpeg,normal
img_05965.jpeg,normal
img_05966.jpeg,defect
img_05967.jpeg,normal
img_05968.jpeg,normal
img_05969.jpeg,normal
img_05970.jpeg,normal
img_05971.jpeg,normal
img_05972.jpeg,normal
img_05973.jpeg,normal
img_05974.jpeg,normal
img_05975.jpeg,normal
img_05976.jpeg,defect
img_05977.jpeg,defect
img_05978.jpeg,defect
img_05979.jpeg,defect
img_05980.jpeg,defect
img_05981.jpeg,defect
img_05982.jpeg,defect
img_05983.jpeg,defect
img_05984.jpeg,defect
img_05985.jpeg,defect
img_05986.jpeg,normal
img_05987.jpeg,defect
img_05988.jpeg,normal
img_05989.jpeg,defect
img_05990.jpeg,normal
img_05991.jpeg,normal
img_05992.jpeg,defect
img_05993.jpeg,normal
img_05994.jpeg,normal
img_05995.jpeg,normal
img_05996.jpeg,defect
img_05997.jpeg,normal
img_05998.jpeg,defect
img_05999.jpeg,defect
img_06000.jpeg,normal
img_06001.jpeg,defect
img_06002.jpeg,normal
img_06003.jpeg,normal
img_06004.jpeg,defect
img_06005.jpeg,normal
img_06006.jpeg,defect
img_06007.jpeg,defect
img_06008.jpeg,defect
img_06009.jpeg,defect
img_06010.jpeg,defect
img_06011.jpeg,defect
img_06012.jpeg,defect
img_06013.jpeg,defect
img_06014.jpeg,defect
img_06015.jpeg,defect
img_06016.jpeg,normal
img_06017.jpeg,normal
img_06018.jpeg,normal
img_06019.jpeg,normal
img_06020.jpeg,defect
img_06021.jpeg,normal
img_06022.jpeg,defect
img_06023.jpeg,defect
img_06024.jpeg,defect
img_06025.jpeg,normal
img_06026.jpeg,normal
img_06027.jpeg,defect
img_06028.jpeg,normal
img_06029.jpeg,normal
img_06030.jpeg,defect
img_06031.jpeg,defect
img_06032.jpeg,normal
img_06033.jpeg,normal
img_06034.jpeg,normal
img_06035.jpeg,normal
img_06036.jpeg,defect
img_06037.jpeg,normal
img_06038.jpeg,defect
img_06039.jpeg,defect
img_06040.jpeg,defect
img_06041.jpeg,normal
img_06042.jpeg,normal
img_06043.jpeg,normal
img_06044.jpeg,defect
img_06045.jpeg,defect
img_06046.jpeg,defect
img_06047.jpeg,defect
img_06048.jpeg,normal
img_06049.jpeg,defect
img_06050.jpeg,normal
img_06051.jpeg,normal
img_06052.jpeg,normal
img_06053.jpeg,defect
img_06054.jpeg,normal
img_06055.jpeg,normal
img_06056.jpeg,defect
img_06057.jpeg,defect
img_06058.jpeg,normal
img_06059.jpeg,normal
img_06060.jpeg,defect
img_06061.jpeg,normal
img_06062.jpeg,defect
img_06063.jpeg,defect
img_06064.jpeg,normal
img_06065.jpeg,defect
img_06066.jpeg,normal
img_06067.jpeg,normal
img_06068.jpeg,defect
img_06069.jpeg,defect
img_06070.jpeg,defect
img_06071.jpeg,normal
img_06072.jpeg,defect
img_06073.jpeg,normal
img_06074.jpeg,defect
img_06075.jpeg,defect
img_06076.jpeg,normal
img_06077.jpeg,defect
img_06078.jpeg,normal
img_06079.jpeg,defect
img_06080.jpeg,defect
img_06081.jpeg,defect
img_06082.jpeg,defect
img_06083.jpeg,normal
img_06084.jpeg,defect
img_06085.jpeg,defect
img_06086.jpeg,normal
img_06087.jpeg,normal
img_06088.jpeg,defect
img_06089.jpeg,defect
img_06090.jpeg,normal
img_06091.jpeg,normal
img_06092.jpeg,defect
img_06093.jpeg,normal
img_06094.jpeg,defect
img_06095.jpeg,defect
img_06096.jpeg,normal
img_06097.jpeg,normal
img_06098.jpeg,normal
img_06099.jpeg,normal
img_06100.jpeg,normal
img_06101.jpeg,normal
img_06102.jpeg,defect
img_06103.jpeg,defect
img_06104.jpeg,defect
img_06105.jpeg,defect
img_06106.jpeg,normal
img_06107.jpeg,normal
img_06108.jpeg,defect
img_06109.jpeg,normal
img_06110.jpeg,defect
img_06111.jpeg,defect
img_06112.jpeg,defect
img_06113.jpeg,normal
img_06114.jpeg,defect
img_06115.jpeg,defect
img_06116.jpeg,normal
img_06117.jpeg,normal
img_06118.jpeg,defect
img_06119.jpeg,defect
img_06120.jpeg,defect
img_06121.jpeg,defect
img_06122.jpeg,normal
img_06123.jpeg,normal
img_06124.jpeg,normal
img_06125.jpeg,defect
img_06126.jpeg,defect
img_06127.jpeg,defect
img_06128.jpeg,defect
img_06129.jpeg,normal
img_06130.jpeg,defect
img_06131.jpeg,normal
img_06132.jpeg,defect
img_06133.jpeg,defect
img_06134.jpeg,normal
img_06135.jpeg,defect
img_06136.jpeg,normal
img_06137.jpeg,defect
img_06138.jpeg,normal
img_06139.jpeg,normal
img_06140.jpeg,normal
img_06141.jpeg,normal
img_06142.jpeg,normal
img_06143.jpeg,normal
img_06144.jpeg,normal
img_06145.jpeg,defect
img_06146.jpeg,defect
img_06147.jpeg,defect
img_06148.jpeg,normal
img_06149.jpeg,defect
img_06150.jpeg,normal
img_06151.jpeg,normal
img_06152.jpeg,defect
img_06153.jpeg,defect
img_06154.jpeg,defect
img_06155.jpeg,normal
img_06156.jpeg,normal
img_06157.jpeg,normal
img_06158.jpeg,defect
img_06159.jpeg,normal
img_06160.jpeg,defect
img_06161.jpeg,defect
img_06162.jpeg,defect
img_06163.jpeg,defect
img_06164.jpeg,defect
img_06165.jpeg,defect
img_06166.jpeg,normal
img_06167.jpeg,normal
img_06168.jpeg,normal
img_06169.jpeg,defect
img_06170.jpeg,normal
img_06171.jpeg,normal
img_06172.jpeg,defect
img_06173.jpeg,defect
img_06174.jpeg,normal
img_06175.jpeg,normal
img_06176.jpeg,defect
img_06177.jpeg,defect
img_06178.jpeg,defect
img_06179.jpeg,normal
img_06180.jpeg,normal
img_06181.jpeg,normal
img_06182.jpeg,normal
img_06183.jpeg,normal
img_06184.jpeg,normal
img_06185.jpeg,normal
img_06186.jpeg,defect
img_06187.jpeg,defect
img_06188.jpeg,defect
img_06189.jpeg,normal
img_06190.jpeg,defect
img_06191.jpeg,normal
img_06192.jpeg,normal
img_06193.jpeg,normal
img_06194.jpeg,normal
img_06195.jpeg,defect
img_06196.jpeg,defect
img_06197.jpeg,normal
img_06198.jpeg,defect
img_06199.jpeg,normal
img_06200.jpeg,normal
img_06201.jpeg,defect
img_06202.jpeg,normal
img_06203.jpeg,normal
img_06204.jpeg,defect
img_06205.jpeg,defect
img_06206.jpeg,normal
img_06207.jpeg,defect
img_06208.jpeg,defect
img_06209.jpeg,defect
img_06210.jpeg,normal
img_06211.jpeg,defect
img_06212.jpeg,normal
img_06213.jpeg,normal
img_06214.jpeg,normal
img_06215.jpeg,defect
img_06216.jpeg,defect
img_06217.jpeg,normal
img_06218.jpeg,normal
img_06219.jpeg,defect
img_06220.jpeg,normal
img_06221.jpeg,normal
img_06222.jpeg,defect
img_06223.jpeg,normal
img_06224.jpeg,defect
img_06225.jpeg,normal
img_06226.jpeg,normal
img_06227.jpeg,normal
img_06228.jpeg,defect
img_06229.jpeg,defect
img_06230.jpeg,normal
img_06231.jpeg,normal
img_06232.jpeg,normal
img_06233.jpeg,defect
img_06234.jpeg,normal
img_06235.jpeg,defect
img_06236.jpeg,defect
img_06237.jpeg,defect
img_06238.jpeg,defect
img_06239.jpeg,normal
img_06240.jpeg,normal
img_06241.jpeg,defect
img_06242.jpeg,defect
img_06243.jpeg,defect
img_06244.jpeg,defect
img_06245.jpeg,normal
img_06246.jpeg,defect
img_06247.jpeg,normal
img_06248.jpeg,defect
img_06249.jpeg,normal
img_06250.jpeg,normal
img_06251.jpeg,normal
img_06252.jpeg,normal
img_06253.jpeg,defect
img_06254.jpeg,normal
img_06255.jpeg,normal
img_06256.jpeg,normal
img_06257.jpeg,normal
img_06258.jpeg,defect
img_06259.jpeg,defect
img_06260.jpeg,normal
img_06261.jpeg,normal
img_06262.jpeg,normal
img_06263.jpeg,defect
img_06264.jpeg,normal
img_06265.jpeg,defect
img_06266.jpeg,defect
img_06267.jpeg,normal
img_06268.jpeg,normal
img_06269.jpeg,normal
img_06270.jpeg,defect
img_06271.jpeg,defect
img_06272.jpeg,normal
img_06273.jpeg,normal
img_06274.jpeg,normal
img_06275.jpeg,defect
img_06276.jpeg,normal
img_06277.jpeg,normal
img_06278.jpeg,defect
img_06279.jpeg,normal
img_06280.jpeg,normal
img_06281.jpeg,defect
img_06282.jpeg,defect
img_06283.jpeg,normal
img_06284.jpeg,defect
img_06285.jpeg,normal
img_06286.jpeg,normal
img_06287.jpeg,normal
img_06288.jpeg,defect
img_06289.jpeg,normal
img_06290.jpeg,defect
img_06291.jpeg,defect
img_06292.jpeg,normal
img_06293.jpeg,normal
img_06294.jpeg,defect
img_06295.jpeg,defect
img_06296.jpeg,defect
img_06297.jpeg,defect
img_06298.jpeg,normal
img_06299.jpeg,defect
img_06300.jpeg,defect
img_06301.jpeg,defect
img_06302.jpeg,normal
img_06303.jpeg,normal
img_06304.jpeg,defect
img_06305.jpeg,normal
img_06306.jpeg,normal
img_06307.jpeg,defect
img_06308.jpeg,defect
img_06309.jpeg,normal
img_06310.jpeg,defect
img_06311.jpeg,defect
img_06312.jpeg,normal
img_06313.jpeg,defect
img_06314.jpeg,normal
img_06315.jpeg,defect
img_06316.jpeg,normal
img_06317.jpeg,defect
img_06318.jpeg,defect
img_06319.jpeg,normal
img_06320.jpeg,defect
img_06321.jpeg,defect
img_06322.jpeg,normal
img_06323.jpeg,defect
img_06324.jpeg,defect
img_06325.jpeg,defect
img_06326.jpeg,defect
img_06327.jpeg,normal
img_06328.jpeg,normal
img_06329.jpeg,defect
img_06330.jpeg,normal
img_06331.jpeg,normal
img_06332.jpeg,normal
img_06333.jpeg,defect
img_06334.jpeg,defect
img_06335.jpeg,normal
img_06336.jpeg,normal
img_06337.jpeg,normal
img_06338.jpeg,defect
img_06339.jpeg,normal
img_06340.jpeg,defect
img_06341.jpeg,defect
img_06342.jpeg,defect
img_06343.jpeg,defect
img_06344.jpeg,defect
img_06345.jpeg,defect
img_06346.jpeg,defect
img_06347.jpeg,normal
img_06348.jpeg,normal
img_06349.jpeg,defect
img_06350.jpeg,normal
img_06351.jpeg,normal
img_06352.jpeg,defect
img_06353.jpeg,normal
img_06354.jpeg,normal
img_06355.jpeg,normal
img_06356.jpeg,normal
img_06357.jpeg,normal
img_06358.jpeg,normal
img_06359.jpeg,normal
img_06360.jpeg,defect
img_06361.jpeg,defect
img_06362.jpeg,normal
img_06363.jpeg,defect
img_06364.jpeg,normal
img_06365.jpeg,normal
img_06366.jpeg,defect
img_06367.jpeg,defect
img_06368.jpeg,defect
img_06369.jpeg,defect
img_06370.jpeg,normal
img_06371.jpeg,defect
img_06372.jpeg,normal
img_06373.jpeg,normal
img_06374.jpeg,defect
img_06375.jpeg,defect
img_06376.jpeg,defect
img_06377.jpeg,normal
img_06378.jpeg,normal
img_06379.jpeg,normal
img_06380.jpeg,normal
img_06381.jpeg,normal
img_06382.jpeg,normal
img_06383.jpeg,defect
img_06384.jpeg,defect
img_06385.jpeg,defect
img_06386.jpeg,defect
img_06387.jpeg,defect
img_06388.jpeg,normal
img_06389.jpeg,defect
img_06390.jpeg,normal
img_06391.jpeg,normal
img_06392.jpeg,defect
img_06393.jpeg,normal
img_06394.jpeg,normal
img_06395.jpeg,normal
img_06396.jpeg,normal
img_06397.jpeg,normal
img_06398.jpeg,defect
img_06399.jpeg,defect
img_06400.jpeg,normal
img_06401.jpeg,defect
img_06402.jpeg,normal
img_06403.jpeg,normal
img_06404.jpeg,defect
img_06405.jpeg,defect
img_06406.jpeg,defect
img_06407.jpeg,normal
img_06408.jpeg,defect
img_06409.jpeg,normal
img_06410.jpeg,defect
img_06411.jpeg,normal
img_06412.jpeg,normal
img_06413.jpeg,normal
img_06414.jpeg,normal
img_06415.jpeg,normal
img_06416.jpeg,defect
img_06417.jpeg,normal
img_06418.jpeg,normal
img_06419.jpeg,normal
img_06420.jpeg,defect
img_06421.jpeg,defect
img_06422.jpeg,defect
img_06423.jpeg,defect
img_06424.jpeg,normal
img_06425.jpeg,defect
img_06426.jpeg,normal
img_06427.jpeg,normal
img_06428.jpeg,normal
img_06429.jpeg,defect
img_06430.jpeg,defect
img_06431.jpeg,normal
img_06432.jpeg,normal
img_06433.jpeg,normal
img_06434.jpeg,defect
img_06435.jpeg,normal
img_06436.jpeg,defect
img_06437.jpeg,defect
img_06438.jpeg,normal
img_06439.jpeg,normal
img_06440.jpeg,defect
img_06441.jpeg,defect
img_06442.jpeg,defect
img_06443.jpeg,normal
img_06444.jpeg,defect
img_06445.jpeg,defect
img_06446.jpeg,normal
img_06447.jpeg,defect
img_06448.jpeg,defect
img_06449.jpeg,normal
img_06450.jpeg,normal
img_06451.jpeg,defect
img_06452.jpeg,normal
img_06453.jpeg,normal
img_06454.jpeg,defect
img_06455.jpeg,normal
img_06456.jpeg,normal
img_06457.jpeg,defect
img_06458.jpeg,normal
img_06459.jpeg,defect
img_06460.jpeg,normal
img_06461.jpeg,defect
img_06462.jpeg,defect
img_06463.jpeg,normal
img_06464.jpeg,defect
img_06465.jpeg,defect
img_06466.jpeg,normal
img_06467.jpeg,defect
img_06468.jpeg,normal
img_06469.jpeg,normal
img_06470.jpeg,normal
img_06471.jpeg,defect
img_06472.jpeg,defect
img_06473.jpeg,normal
img_06474.jpeg,defect
img_06475.jpeg,normal
img_06476.jpeg,defect
img_06477.jpeg,defect
img_06478.jpeg,normal
img_06479.jpeg,normal
img_06480.jpeg,defect
img_06481.jpeg,defect
img_06482.jpeg,defect
img_06483.jpeg,defect
img_06484.jpeg,normal
img_06485.jpeg,defect
img_06486.jpeg,defect
img_06487.jpeg,normal
img_06488.jpeg,defect
img_06489.jpeg,defect
img_06490.jpeg,defect
img_06491.jpeg,defect
img_06492.jpeg,normal
img_06493.jpeg,normal
img_06494.jpeg,defect
img_06495.jpeg,defect
img_06496.jpeg,normal
img_06497.jpeg,normal
img_06498.jpeg,normal
img_06499.jpeg,normal
img_06500.jpeg,normal
img_06501.jpeg,defect
img_06502.jpeg,normal
img_06503.jpeg,defect
img_06504.jpeg,normal
img_06505.jpeg,normal
img_06506.jpeg,normal
img_06507.jpeg,defect
img_06508.jpeg,defect
img_06509.jpeg,normal
img_06510.jpeg,normal
img_06511.jpeg,defect
img_06512.jpeg,defect
img_06513.jpeg,normal
img_06514.jpeg,normal
img_06515.jpeg,defect
img_06516.jpeg,defect
img_06517.jpeg,normal
img_06518.jpeg,normal
img_06519.jpeg,normal
img_06520.jpeg,normal
img_06521.jpeg,defect
img_06522.jpeg,normal
img_06523.jpeg,normal
img_06524.jpeg,normal
img_06525.jpeg,defect
img_06526.jpeg,defect
img_06527.jpeg,defect
img_06528.jpeg,defect
img_06529.jpeg,defect
img_06530.jpeg,normal
img_06531.jpeg,normal
img_06532.jpeg,defect
img_06533.jpeg,normal
img_06534.jpeg,normal
img_06535.jpeg,normal
img_06536.jpeg,defect
img_06537.jpeg,defect
img_06538.jpeg,normal
img_06539.jpeg,normal
img_06540.jpeg,defect
img_06541.jpeg,defect
img_06542.jpeg,normal
img_06543.jpeg,defect
img_06544.jpeg,normal
img_06545.jpeg,defect
img_06546.jpeg,normal
img_06547.jpeg,defect
img_06548.jpeg,normal
img_06549.jpeg,normal
img_06550.jpeg,defect
img_06551.jpeg,defect
img_06552.jpeg,defect
img_06553.jpeg,defect
img_06554.jpeg,normal
img_06555.jpeg,defect
img_06556.jpeg,defect
img_06557.jpeg,defect
img_06558.jpeg,normal
img_06559.jpeg,normal
img_06560.jpeg,defect
img_06561.jpeg,normal
img_06562.jpeg,defect
img_06563.jpeg,normal
img_06564.jpeg,normal
img_06565.jpeg,defect
img_06566.jpeg,normal
img_06567.jpeg,defect
img_06568.jpeg,defect
img_06569.jpeg,defect
img_06570.jpeg,defect
img_06571.jpeg,normal
img_06572.jpeg,defect
img_06573.jpeg,defect
img_06574.jpeg,defect
img_06575.jpeg,normal
img_06576.jpeg,normal
img_06577.jpeg,normal
img_06578.jpeg,defect
img_06579.jpeg,defect
img_06580.jpeg,defect
img_06581.jpeg,defect
img_06582.jpeg,defect
img_06583.jpeg,defect
img_06584.jpeg,defect
img_06585.jpeg,defect
img_06586.jpeg,normal
img_06587.jpeg,normal
img_06588.jpeg,defect
img_06589.jpeg,normal
img_06590.jpeg,defect
img_06591.jpeg,defect
img_06592.jpeg,normal
img_06593.jpeg,normal
img_06594.jpeg,defect
img_06595.jpeg,defect
img_06596.jpeg,normal
img_06597.jpeg,normal
img_06598.jpeg,defect
img_06599.jpeg,normal
img_06600.jpeg,defect
img_06601.jpeg,defect
img_06602.jpeg,defect
img_06603.jpeg,defect
img_06604.jpeg,defect
img_06605.jpeg,defect
img_06606.jpeg,defect
img_06607.jpeg,defect
img_06608.jpeg,defect
img_06609.jpeg,defect
img_06610.jpeg,normal
img_06611.jpeg,normal
img_06612.jpeg,normal
img_06613.jpeg,defect
img_06614.jpeg,normal
img_06615.jpeg,defect
img_06616.jpeg,defect
img_06617.jpeg,normal
img_06618.jpeg,normal
img_06619.jpeg,normal
img_06620.jpeg,normal
img_06621.jpeg,normal
img_06622.jpeg,normal
img_06623.jpeg,normal
img_06624.jpeg,normal
img_06625.jpeg,normal
img_06626.jpeg,defect
img_06627.jpeg,defect
img_06628.jpeg,normal
img_06629.jpeg,defect
img_06630.jpeg,defect
img_06631.jpeg,defect
img_06632.jpeg,defect
img_06633.jpeg,defect
img_06634.jpeg,normal
img_06635.jpeg,defect
img_06636.jpeg,defect
img_06637.jpeg,normal
img_06638.jpeg,normal
img_06639.jpeg,defect
img_06640.jpeg,normal
img_06641.jpeg,defect
img_06642.jpeg,defect
img_06643.jpeg,normal
img_06644.jpeg,normal
img_06645.jpeg,defect
img_06646.jpeg,normal
img_06647.jpeg,normal
img_06648.jpeg,normal
img_06649.jpeg,defect
img_06650.jpeg,defect
img_06651.jpeg,defect
img_06652.jpeg,defect
img_06653.jpeg,defect
img_06654.jpeg,normal
img_06655.jpeg,normal
img_06656.jpeg,defect
img_06657.jpeg,defect
img_06658.jpeg,normal
img_06659.jpeg,normal
img_06660.jpeg,defect
img_06661.jpeg,normal
img_06662.jpeg,normal
img_06663.jpeg,defect
img_06664.jpeg,defect
img_06665.jpeg,normal
img_06666.jpeg,normal
img_06667.jpeg,defect
img_06668.jpeg,defect
img_06669.jpeg,normal
img_06670.jpeg,defect
img_06671.jpeg,normal
img_06672.jpeg,defect
img_06673.jpeg,normal
img_06674.jpeg,defect
img_06675.jpeg,normal
img_06676.jpeg,defect
img_06677.jpeg,normal
img_06678.jpeg,defect
img_06679.jpeg,normal
img_06680.jpeg,normal
img_06681.jpeg,normal
img_06682.jpeg,normal
img_06683.jpeg,normal
img_06684.jpeg,defect
img_06685.jpeg,normal
img_06686.jpeg,normal
img_06687.jpeg,defect
img_06688.jpeg,defect
img_06689.jpeg,normal
img_06690.jpeg,defect
img_06691.jpeg,defect
img_06692.jpeg,defect
img_06693.jpeg,defect
img_06694.jpeg,defect
img_06695.jpeg,normal
img_06696.jpeg,defect
img_06697.jpeg,defect
img_06698.jpeg,defect
img_06699.jpeg,defect
img_06700.jpeg,normal
img_06701.jpeg,defect
img_06702.jpeg,defect
img_06703.jpeg,defect
img_06704.jpeg,defect
img_06705.jpeg,normal
img_06706.jpeg,normal
img_06707.jpeg,normal
img_06708.jpeg,defect
img_06709.jpeg,defect
img_06710.jpeg,defect
img_06711.jpeg,defect
img_06712.jpeg,normal
img_06713.jpeg,defect
img_06714.jpeg,defect
img_06715.jpeg,normal
img_06716.jpeg,defect
img_06717.jpeg,defect
img_06718.jpeg,defect
img_06719.jpeg,normal
img_06720.jpeg,normal
img_06721.jpeg,defect
img_06722.jpeg,defect
img_06723.jpeg,normal
img_06724.jpeg,defect
img_06725.jpeg,normal
img_06726.jpeg,defect
img_06727.jpeg,defect
img_06728.jpeg,normal
img_06729.jpeg,normal
img_06730.jpeg,normal
img_06731.jpeg,normal
img_06732.jpeg,normal
img_06733.jpeg,normal
img_06734.jpeg,defect
img_06735.jpeg,normal
img_06736.jpeg,normal
img_06737.jpeg,normal
img_06738.jpeg,defect
img_06739.jpeg,normal
img_06740.jpeg,defect
img_06741.jpeg,defect
img_06742.jpeg,defect
img_06743.jpeg,defect
img_06744.jpeg,defect
img_06745.jpeg,defect
img_06746.jpeg,normal
img_06747.jpeg,defect
img_06748.jpeg,defect
img_06749.jpeg,normal
img_06750.jpeg,normal
img_06751.jpeg,defect
img_06752.jpeg,normal
img_06753.jpeg,normal
img_06754.jpeg,normal
img_06755.jpeg,defect
img_06756.jpeg,normal
img_06757.jpeg,defect
img_06758.jpeg,normal
img_06759.jpeg,defect
img_06760.jpeg,defect
img_06761.jpeg,defect
img_06762.jpeg,normal
img_06763.jpeg,normal
img_06764.jpeg,normal
img_06765.jpeg,normal
img_06766.jpeg,defect
img_06767.jpeg,defect
img_06768.jpeg,defect
img_06769.jpeg,defect
img_06770.jpeg,normal
img_06771.jpeg,defect
img_06772.jpeg,normal
img_06773.jpeg,defect
img_06774.jpeg,normal
img_06775.jpeg,normal
img_06776.jpeg,defect
img_06777.jpeg,normal
img_06778.jpeg,defect
img_06779.jpeg,defect
img_06780.jpeg,normal
img_06781.jpeg,normal
img_06782.jpeg,defect
img_06783.jpeg,defect
img_06784.jpeg,defect
img_06785.jpeg,normal
img_06786.jpeg,defect
img_06787.jpeg,defect
img_06788.jpeg,normal
img_06789.jpeg,normal
img_06790.jpeg,defect
img_06791.jpeg,defect
img_06792.jpeg,normal
img_06793.jpeg,normal
img_06794.jpeg,defect
img_06795.jpeg,defect
img_06796.jpeg,normal
img_06797.jpeg,normal
img_06798.jpeg,normal
img_06799.jpeg,normal
img_06800.jpeg,defect
img_06801.jpeg,defect
img_06802.jpeg,defect
img_06803.jpeg,defect
img_06804.jpeg,defect
img_06805.jpeg,defect
img_06806.jpeg,defect
img_06807.jpeg,defect
img_06808.jpeg,normal
img_06809.jpeg,defect
img_06810.jpeg,defect
img_06811.jpeg,defect
img_06812.jpeg,defect
img_06813.jpeg,normal
img_06814.jpeg,defect
img_06815.jpeg,normal
img_06816.jpeg,defect
img_06817.jpeg,normal
img_06818.jpeg,defect
img_06819.jpeg,normal
img_06820.jpeg,defect
img_06821.jpeg,normal
img_06822.jpeg,normal
img_06823.jpeg,defect
img_06824.jpeg,defect
img_06825.jpeg,normal
img_06826.jpeg,normal
img_06827.jpeg,normal
img_06828.jpeg,defect
img_06829.jpeg,normal
img_06830.jpeg,defect
img_06831.jpeg,normal
img_06832.jpeg,defect
img_06833.jpeg,normal
img_06834.jpeg,normal
img_06835.jpeg,normal
img_06836.jpeg,normal
img_06837.jpeg,defect
img_06838.jpeg,defect
img_06839.jpeg,normal
img_06840.jpeg,normal
img_06841.jpeg,normal
img_06842.jpeg,defect
img_06843.jpeg,normal
img_06844.jpeg,defect
img_06845.jpeg,defect
img_06846.jpeg,defect
img_06847.jpeg,defect
img_06848.jpeg,defect
img_06849.jpeg,defect
img_06850.jpeg,defect
img_06851.jpeg,defect
img_06852.jpeg,defect
img_06853.jpeg,normal
img_06854.jpeg,defect
img_06855.jpeg,normal
img_06856.jpeg,normal
img_06857.jpeg,defect
img_06858.jpeg,defect
img_06859.jpeg,normal
img_06860.jpeg,defect
img_06861.jpeg,normal
img_06862.jpeg,defect
img_06863.jpeg,normal
img_06864.jpeg,normal
img_06865.jpeg,defect
img_06866.jpeg,normal
img_06867.jpeg,defect
img_06868.jpeg,normal
img_06869.jpeg,defect
img_06870.jpeg,normal
img_06871.jpeg,normal
img_06872.jpeg,normal
img_06873.jpeg,defect
img_06874.jpeg,defect
img_06875.jpeg,normal
img_06876.jpeg,normal
img_06877.jpeg,normal
img_06878.jpeg,defect
img_06879.jpeg,defect
img_06880.jpeg,defect
img_06881.jpeg,defect
img_06882.jpeg,defect
img_06883.jpeg,normal
img_06884.jpeg,defect
img_06885.jpeg,normal
img_06886.jpeg,normal
img_06887.jpeg,normal
img_06888.jpeg,defect
img_06889.jpeg,defect
img_06890.jpeg,defect
img_06891.jpeg,normal
img_06892.jpeg,defect
img_06893.jpeg,defect
img_06894.jpeg,defect
img_06895.jpeg,defect
img_06896.jpeg,normal
img_06897.jpeg,defect
img_06898.jpeg,defect
img_06899.jpeg,defect
img_06900.jpeg,normal
img_06901.jpeg,defect
img_06902.jpeg,defect
img_06903.jpeg,normal
img_06904.jpeg,defect
img_06905.jpeg,defect
img_06906.jpeg,defect
img_06907.jpeg,defect
img_06908.jpeg,normal
img_06909.jpeg,defect
img_06910.jpeg,defect
img_06911.jpeg,defect
img_06912.jpeg,defect
img_06913.jpeg,normal
img_06914.jpeg,defect
img_06915.jpeg,defect
img_06916.jpeg,normal
img_06917.jpeg,normal
img_06918.jpeg,defect
img_06919.jpeg,normal
img_06920.jpeg,normal
img_06921.jpeg,defect
img_06922.jpeg,defect
img_06923.jpeg,normal
img_06924.jpeg,normal
img_06925.jpeg,normal
img_06926.jpeg,normal
img_06927.jpeg,defect
img_06928.jpeg,normal
img_06929.jpeg,defect
img_06930.jpeg,normal
img_06931.jpeg,defect
img_06932.jpeg,defect
img_06933.jpeg,normal
img_06934.jpeg,normal
img_06935.jpeg,defect
img_06936.jpeg,defect
img_06937.jpeg,defect
img_06938.jpeg,normal
img_06939.jpeg,defect
img_06940.jpeg,defect
img_06941.jpeg,defect
img_06942.jpeg,normal
img_06943.jpeg,defect
img_06944.jpeg,defect
img_06945.jpeg,normal
img_06946.jpeg,normal
img_06947.jpeg,defect
img_06948.jpeg,normal
img_06949.jpeg,defect
img_06950.jpeg,normal
img_06951.jpeg,normal
img_06952.jpeg,normal
img_06953.jpeg,defect
img_06954.jpeg,normal
img_06955.jpeg,normal
img_06956.jpeg,defect
img_06957.jpeg,defect
img_06958.jpeg,defect
img_06959.jpeg,normal
img_06960.jpeg,defect
img_06961.jpeg,normal
img_06962.jpeg,defect
img_06963.jpeg,defect
img_06964.jpeg,normal
img_06965.jpeg,defect
img_06966.jpeg,normal
img_06967.jpeg,defect
img_06968.jpeg,defect
img_06969.jpeg,normal
img_06970.jpeg,normal
img_06971.jpeg,normal
img_06972.jpeg,normal
img_06973.jpeg,defect
img_06974.jpeg,normal
img_06975.jpeg,normal
img_06976.jpeg,normal
img_06977.jpeg,defect
img_06978.jpeg,normal
img_06979.jpeg,normal
img_06980.jpeg,normal
img_06981.jpeg,defect
img_06982.jpeg,normal
img_06983.jpeg,defect
img_06984.jpeg,normal
img_06985.jpeg,normal
img_06986.jpeg,normal
img_06987.jpeg,normal
img_06988.jpeg,defect
img_06989.jpeg,normal
img_06990.jpeg,defect
img_06991.jpeg,defect
img_06992.jpeg,normal
img_06993.jpeg,defect
img_06994.jpeg,normal
img_06995.jpeg,normal
img_06996.jpeg,defect
img_06997.jpeg,normal
img_06998.jpeg,normal
img_06999.jpeg,defect
img_07000.jpeg,defect
img_07001.jpeg,defect
img_07002.jpeg,normal
img_07003.jpeg,defect
img_07004.jpeg,normal
img_07005.jpeg,defect
img_07006.jpeg,defect
img_07007.jpeg,normal
img_07008.jpeg,defect
img_07009.jpeg,normal
img_07010.jpeg,defect
img_07011.jpeg,defect
img_07012.jpeg,defect
img_07013.jpeg,defect
img_07014.jpeg,normal
img_07015.jpeg,normal
img_07016.jpeg,defect
img_07017.jpeg,normal
img_07018.jpeg,normal
img_07019.jpeg,normal
img_07020.jpeg,defect
img_07021.jpeg,defect
img_07022.jpeg,defect
img_07023.jpeg,normal
img_07024.jpeg,defect
img_07025.jpeg,normal
img_07026.jpeg,defect
img_07027.jpeg,defect
img_07028.jpeg,normal
img_07029.jpeg,defect
img_07030.jpeg,defect
img_07031.jpeg,defect
img_07032.jpeg,normal
img_07033.jpeg,defect
img_07034.jpeg,normal
img_07035.jpeg,defect
img_07036.jpeg,defect
img_07037.jpeg,normal
img_07038.jpeg,defect
img_07039.jpeg,defect
img_07040.jpeg,normal
img_07041.jpeg,normal
img_07042.jpeg,normal
img_07043.jpeg,normal
img_07044.jpeg,defect
img_07045.jpeg,normal
img_07046.jpeg,defect
img_07047.jpeg,defect
img_07048.jpeg,defect
img_07049.jpeg,defect
img_07050.jpeg,normal
img_07051.jpeg,normal
img_07052.jpeg,defect
img_07053.jpeg,defect
img_07054.jpeg,normal
img_07055.jpeg,defect
img_07056.jpeg,defect
img_07057.jpeg,normal
img_07058.jpeg,normal
img_07059.jpeg,normal
img_07060.jpeg,defect
img_07061.jpeg,normal
img_07062.jpeg,normal
img_07063.jpeg,defect
img_07064.jpeg,defect
img_07065.jpeg,defect
img_07066.jpeg,defect
img_07067.jpeg,defect
img_07068.jpeg,defect
img_07069.jpeg,normal
img_07070.jpeg,defect
img_07071.jpeg,defect
img_07072.jpeg,normal
img_07073.jpeg,normal
img_07074.jpeg,normal
img_07075.jpeg,normal
img_07076.jpeg,normal
img_07077.jpeg,normal
img_07078.jpeg,normal
img_07079.jpeg,normal
img_07080.jpeg,normal
img_07081.jpeg,defect
img_07082.jpeg,defect
img_07083.jpeg,defect
img_07084.jpeg,normal
img_07085.jpeg,normal
img_07086.jpeg,normal
img_07087.jpeg,normal
img_07088.jpeg,defect
img_07089.jpeg,defect
img_07090.jpeg,defect
img_07091.jpeg,normal
img_07092.jpeg,defect
img_07093.jpeg,normal
img_07094.jpeg,normal
img_07095.jpeg,defect
img_07096.jpeg,normal
img_07097.jpeg,normal
img_07098.jpeg,defect
img_07099.jpeg,defect
img_07100.jpeg,normal
img_07101.jpeg,normal
img_07102.jpeg,defect
img_07103.jpeg,normal
img_07104.jpeg,normal
img_07105.jpeg,defect
img_07106.jpeg,defect
img_07107.jpeg,normal
img_07108.jpeg,defect
img_07109.jpeg,defect
img_07110.jpeg,defect
img_07111.jpeg,defect
img_07112.jpeg,defect
img_07113.jpeg,defect
img_07114.jpeg,defect
img_07115.jpeg,normal
img_07116.jpeg,defect
img_07117.jpeg,defect
img_07118.jpeg,normal
img_07119.jpeg,normal
img_07120.jpeg,defect
img_07121.jpeg,defect
img_07122.jpeg,defect
img_07123.jpeg,normal
img_07124.jpeg,defect
img_07125.jpeg,defect
img_07126.jpeg,defect
img_07127.jpeg,normal
img_07128.jpeg,defect
img_07129.jpeg,defect
img_07130.jpeg,defect
img_07131.jpeg,normal
img_07132.jpeg,normal
img_07133.jpeg,defect
img_07134.jpeg,normal
img_07135.jpeg,normal
img_07136.jpeg,normal
img_07137.jpeg,defect
img_07138.jpeg,defect
img_07139.jpeg,defect
img_07140.jpeg,defect
img_07141.jpeg,defect
img_07142.jpeg,defect
img_07143.jpeg,normal
img_07144.jpeg,defect
img_07145.jpeg,normal
img_07146.jpeg,normal
img_07147.jpeg,defect
img_07148.jpeg,defect
img_07149.jpeg,normal
img_07150.jpeg,normal
img_07151.jpeg,defect
img_07152.jpeg,defect
img_07153.jpeg,defect
img_07154.jpeg,defect
img_07155.jpeg,defect
img_07156.jpeg,normal
img_07157.jpeg,defect
img_07158.jpeg,normal
img_07159.jpeg,normal
img_07160.jpeg,normal
img_07161.jpeg,normal
img_07162.jpeg,normal
img_07163.jpeg,defect
img_07164.jpeg,normal
img_07165.jpeg,defect
img_07166.jpeg,normal
img_07167.jpeg,normal
img_07168.jpeg,defect
img_07169.jpeg,defect
img_07170.jpeg,normal
img_07171.jpeg,normal
img_07172.jpeg,defect
img_07173.jpeg,defect
img_07174.jpeg,defect
img_07175.jpeg,defect
img_07176.jpeg,normal
img_07177.jpeg,defect
img_07178.jpeg,defect
img_07179.jpeg,defect
img_07180.jpeg,defect
img_07181.jpeg,normal
img_07182.jpeg,defect
img_07183.jpeg,normal
img_07184.jpeg,normal
img_07185.jpeg,normal
img_07186.jpeg,defect
img_07187.jpeg,normal
img_07188.jpeg,defect
img_07189.jpeg,defect
img_07190.jpeg,defect
img_07191.jpeg,defect
img_07192.jpeg,defect
img_07193.jpeg,normal
img_07194.jpeg,normal
img_07195.jpeg,defect
img_07196.jpeg,normal
img_07197.jpeg,normal
img_07198.jpeg,defect
img_07199.jpeg,defect
img_07200.jpeg,defect
img_07201.jpeg,defect
img_07202.jpeg,defect
img_07203.jpeg,normal
img_07204.jpeg,normal
img_07205.jpeg,normal
img_07206.jpeg,normal
img_07207.jpeg,normal
img_07208.jpeg,defect
img_07209.jpeg,defect
img_07210.jpeg,normal
img_07211.jpeg,normal
img_07212.jpeg,defect
img_07213.jpeg,normal
img_07214.jpeg,normal
img_07215.jpeg,normal
img_07216.jpeg,normal
img_07217.jpeg,defect
img_07218.jpeg,normal
img_07219.jpeg,normal
img_07220.jpeg,defect
img_07221.jpeg,normal
img_07222.jpeg,defect
img_07223.jpeg,defect
img_07224.jpeg,defect
img_07225.jpeg,normal
img_07226.jpeg,normal
img_07227.jpeg,defect
img_07228.jpeg,defect
img_07229.jpeg,normal
img_07230.jpeg,normal
img_07231.jpeg,normal
img_07232.jpeg,defect
img_07233.jpeg,defect
img_07234.jpeg,normal
img_07235.jpeg,defect
img_07236.jpeg,defect
img_07237.jpeg,normal
img_07238.jpeg,normal
img_07239.jpeg,defect
img_07240.jpeg,defect
img_07241.jpeg,normal
img_07242.jpeg,defect
img_07243.jpeg,defect
img_07244.jpeg,normal
img_07245.jpeg,defect
img_07246.jpeg,normal
img_07247.jpeg,normal
img_07248.jpeg,normal
img_07249.jpeg,normal
img_07250.jpeg,normal
img_07251.jpeg,normal
img_07252.jpeg,defect
img_07253.jpeg,defect
img_07254.jpeg,normal
img_07255.jpeg,normal
img_07256.jpeg,normal
img_07257.jpeg,normal
img_07258.jpeg,defect
img_07259.jpeg,defect
img_07260.jpeg,normal
img_07261.jpeg,normal
img_07262.jpeg,normal
img_07263.jpeg,defect
img_07264.jpeg,defect
img_07265.jpeg,normal
img_07266.jpeg,normal
img_07267.jpeg,normal
img_07268.jpeg,normal
img_07269.jpeg,normal
img_07270.jpeg,normal
img_07271.jpeg,normal
img_07272.jpeg,normal
img_07273.jpeg,normal
img_07274.jpeg,defect
img_07275.jpeg,defect
img_07276.jpeg,defect
img_07277.jpeg,normal
img_07278.jpeg,normal
img_07279.jpeg,normal
img_07280.jpeg,normal
img_07281.jpeg,normal
img_07282.jpeg,defect
img_07283.jpeg,defect
img_07284.jpeg,normal
